3600,3.1946422
3600.5,3.1931762
3601,3.1919016
3601.5,3.1909095
3602,3.1898138
3602.5,3.1884057
3603,3.1874019
3603.5,3.1859566
3604,3.1848329
3604.5,3.1831306
3605,3.1824945
3605.5,3.1809459
3606,3.1793235
3606.5,3.1774299
3607,3.1763917
3607.5,3.1746139
3608,3.1738588
3608.5,3.1725629
3609,3.1707573
3609.5,3.1692703
3610,3.1684664
3610.5,3.1678631
3611,3.1668232
3611.5,3.1652245
3612,3.1631662
3612.5,3.1621432
3613,3.1605172
3613.5,3.1590859
3614,3.1575728
3614.5,3.1562112
3615,3.1545619
3615.5,3.153536
3616,3.1521427
3616.5,3.1510601
3617,3.1497802
3617.5,3.1477526
3618,3.1459494
3618.5,3.1450087
3619,3.1431807
3619.5,3.1419224
3620,3.140468
3620.5,3.1393236
3621,3.1371534
3621.5,3.1361881
3622,3.1345455
3622.5,3.1327605
3623,3.130277
3623.5,3.1285877
3624,3.1275966
3624.5,3.1261319
3625,3.1246379
3625.5,3.1229484
3626,3.1210732
3626.5,3.1196148
3627,3.117798
3627.5,3.1160147
3628,3.1141222
3628.5,3.1120546
3629,3.1097737
3629.5,3.1080005
3630,3.1061841
3630.5,3.1047151
3631,3.1026031
3631.5,3.1008388
3632,3.099663
3632.5,3.0973223
3633,3.0952827
3633.5,3.0939714
3634,3.092149
3634.5,3.0903824
3635,3.0883027
3635.5,3.0860488
3636,3.0840794
3636.5,3.0818741
3637,3.0796374
3637.5,3.0777708
3638,3.0756971
3638.5,3.0741004
3639,3.0720727
3639.5,3.0697512
3640,3.0677317
3640.5,3.0655871
3641,3.0636266
3641.5,3.0611894
3642,3.0590699
3642.5,3.0565797
3643,3.0541276
3643.5,3.0518618
3644,3.0496469
3644.5,3.0467871
3645,3.0441195
3645.5,3.0418606
3646,3.0390034
3646.5,3.0362213
3647,3.0333551
3647.5,3.0305141
3648,3.0280084
3648.5,3.0255504
3649,3.0228124
3649.5,3.0202138
3650,3.0181097
3650.5,3.015225
3651,3.0130956
3651.5,3.0104427
3652,3.0082224
3652.5,3.0048653
3653,3.0020383
3653.5,2.9991532
3654,2.9964333
3654.5,2.9942797
3655,2.9912884
3655.5,2.9884512
3656,2.9856177
3656.5,2.9825363
3657,2.9793063
3657.5,2.9765638
3658,2.9735187
3658.5,2.970398
3659,2.967873
3659.5,2.9650908
3660,2.9616294
3660.5,2.9586675
3661,2.9552012
3661.5,2.9523195
3662,2.9493203
3662.5,2.9463008
3663,2.9434646
3663.5,2.9402292
3664,2.9372274
3664.5,2.9341099
3665,2.9306577
3665.5,2.9274654
3666,2.9243275
3666.5,2.9213869
3667,2.9181209
3667.5,2.9152811
3668,2.9122035
3668.5,2.9094311
3669,2.9064509
3669.5,2.9036056
3670,2.9005096
3670.5,2.8972175
3671,2.8940476
3671.5,2.8908738
3672,2.8876317
3672.5,2.8843972
3673,2.8815971
3673.5,2.8786374
3674,2.8753478
3674.5,2.872511
3675,2.8694038
3675.5,2.866671
3676,2.8639298
3676.5,2.8611409
3677,2.8583002
3677.5,2.8552206
3678,2.8525873
3678.5,2.8496015
3679,2.8465327
3679.5,2.8434667
3680,2.8405284
3680.5,2.8381772
3681,2.8356727
3681.5,2.8330846
3682,2.8301868
3682.5,2.8274307
3683,2.8245298
3683.5,2.8215963
3684,2.818437
3684.5,2.8155669
3685,2.8127329
3685.5,2.8100223
3686,2.806998
3686.5,2.8040628
3687,2.8010656
3687.5,2.7986445
3688,2.7959005
3688.5,2.7929842
3689,2.7902228
3689.5,2.7875343
3690,2.7848043
3690.5,2.782097
3691,2.7790248
3691.5,2.7760785
3692,2.7733275
3692.5,2.770536
3693,2.7679861
3693.5,2.7654001
3694,2.762685
3694.5,2.7598782
3695,2.7576465
3695.5,2.7554464
3696,2.7528408
3696.5,2.7502763
3697,2.7472819
3697.5,2.7446837
3698,2.7418438
3698.5,2.7393163
3699,2.7367975
3699.5,2.7343676
3700,2.7314841
3700.5,2.7288167
3701,2.7264736
3701.5,2.7238076
3702,2.7213463
3702.5,2.7189865
3703,2.7161987
3703.5,2.7139163
3704,2.7114552
3704.5,2.708755
3705,2.7062501
3705.5,2.7037757
3706,2.7012781
3706.5,2.6987511
3707,2.6962214
3707.5,2.693529
3708,2.6908828
3708.5,2.6885296
3709,2.686237
3709.5,2.6836633
3710,2.6810829
3710.5,2.6782925
3711,2.6758565
3711.5,2.6733537
3712,2.6706121
3712.5,2.6680998
3713,2.6654483
3713.5,2.6627399
3714,2.660211
3714.5,2.6578118
3715,2.6550554
3715.5,2.6520896
3716,2.6493554
3716.5,2.6464972
3717,2.6438591
3717.5,2.6413924
3718,2.6386284
3718.5,2.6361543
3719,2.6336682
3719.5,2.6310583
3720,2.6286331
3720.5,2.6262991
3721,2.6238886
3721.5,2.6213073
3722,2.6187143
3722.5,2.615791
3723,2.6135431
3723.5,2.6109573
3724,2.6083957
3724.5,2.6060702
3725,2.6032949
3725.5,2.6007727
3726,2.5983605
3726.5,2.5957793
3727,2.5932315
3727.5,2.5908583
3728,2.5881869
3728.5,2.5855728
3729,2.5830022
3729.5,2.5806073
3730,2.5779451
3730.5,2.5752995
3731,2.5727257
3731.5,2.5701853
3732,2.5677361
3732.5,2.5650422
3733,2.5623329
3733.5,2.5595058
3734,2.5570277
3734.5,2.5544267
3735,2.5515665
3735.5,2.5489553
3736,2.5462808
3736.5,2.5436333
3737,2.5410489
3737.5,2.5384558
3738,2.5363024
3738.5,2.5338577
3739,2.5317053
3739.5,2.5288584
3740,2.526667
3740.5,2.5241594
3741,2.5218379
3741.5,2.5193771
3742,2.5170198
3742.5,2.5144152
3743,2.5119945
3743.5,2.5095712
3744,2.5069059
3744.5,2.5044475
3745,2.5024689
3745.5,2.5000754
3746,2.4975969
3746.5,2.4950876
3747,2.4928618
3747.5,2.4902807
3748,2.487777
3748.5,2.4853782
3749,2.4830293
3749.5,2.4807885
3750,2.4784296
3750.5,2.4763157
3751,2.4741858
3751.5,2.4716459
3752,2.4691687
3752.5,2.4672136
3753,2.4653364
3753.5,2.4628598
3754,2.4602193
3754.5,2.457898
3755,2.4557817
3755.5,2.4536395
3756,2.4510477
3756.5,2.448965
3757,2.4469761
3757.5,2.444462
3758,2.4420587
3758.5,2.4396291
3759,2.4375962
3759.5,2.4353649
3760,2.4330497
3760.5,2.4308051
3761,2.4284185
3761.5,2.4257274
3762,2.4234569
3762.5,2.4209822
3763,2.4188461
3763.5,2.416523
3764,2.4146016
3764.5,2.4123872
3765,2.4104243
3765.5,2.4082172
3766,2.4060839
3766.5,2.4037567
3767,2.4014792
3767.5,2.3993448
3768,2.3970564
3768.5,2.3950109
3769,2.3931665
3769.5,2.3909784
3770,2.3886971
3770.5,2.3863577
3771,2.383894
3771.5,2.3821359
3772,2.3801934
3772.5,2.3780266
3773,2.3754375
3773.5,2.3732181
3774,2.3708805
3774.5,2.3686721
3775,2.3664274
3775.5,2.3643353
3776,2.362205
3776.5,2.3596198
3777,2.357121
3777.5,2.3547726
3778,2.3528427
3778.5,2.3506782
3779,2.3487956
3779.5,2.3464905
3780,2.344429
3780.5,2.3418608
3781,2.3395459
3781.5,2.3377247
3782,2.3355588
3782.5,2.3333145
3783,2.3310872
3783.5,2.3289399
3784,2.3268463
3784.5,2.3246642
3785,2.3226153
3785.5,2.3206193
3786,2.3186022
3786.5,2.3164653
3787,2.314046
3787.5,2.3119009
3788,2.3099282
3788.5,2.3078261
3789,2.305826
3789.5,2.3039591
3790,2.302144
3790.5,2.3000623
3791,2.2981636
3791.5,2.2962212
3792,2.2943352
3792.5,2.2923704
3793,2.2902571
3793.5,2.2883646
3794,2.2864948
3794.5,2.284589
3795,2.2826007
3795.5,2.2807991
3796,2.278815
3796.5,2.2769618
3797,2.2749564
3797.5,2.2726845
3798,2.2709863
3798.5,2.2691705
3799,2.2673183
3799.5,2.2651572
3800,2.2635179
3800.5,2.2616622
3801,2.2596416
3801.5,2.2576999
3802,2.2559001
3802.5,2.2537195
3803,2.2517185
3803.5,2.2497111
3804,2.2477
3804.5,2.2456424
3805,2.2436573
3805.5,2.2417677
3806,2.2399944
3806.5,2.2382208
3807,2.2363381
3807.5,2.2346479
3808,2.2327277
3808.5,2.2311697
3809,2.2293944
3809.5,2.2279625
3810,2.2258264
3810.5,2.2239294
3811,2.2221421
3811.5,2.2202205
3812,2.2186641
3812.5,2.2168162
3813,2.2148831
3813.5,2.2131337
3814,2.2114759
3814.5,2.2097928
3815,2.2078261
3815.5,2.2059753
3816,2.2042673
3816.5,2.2024762
3817,2.2009306
3817.5,2.1991535
3818,2.1971811
3818.5,2.1952435
3819,2.1933166
3819.5,2.1913478
3820,2.1895903
3820.5,2.1879906
3821,2.1862147
3821.5,2.184722
3822,2.1826606
3822.5,2.1813455
3823,2.1794815
3823.5,2.177721
3824,2.1760912
3824.5,2.1741512
3825,2.1724442
3825.5,2.1707171
3826,2.1690037
3826.5,2.1672019
3827,2.1654134
3827.5,2.1637259
3828,2.1619487
3828.5,2.1606904
3829,2.1588684
3829.5,2.1567594
3830,2.1551681
3830.5,2.153595
3831,2.1521749
3831.5,2.1505759
3832,2.1486317
3832.5,2.1469858
3833,2.144958
3833.5,2.142828
3834,2.1409169
3834.5,2.1393062
3835,2.1370925
3835.5,2.135195
3836,2.1335258
3836.5,2.1314496
3837,2.1294076
3837.5,2.1272381
3838,2.1260709
3838.5,2.1241318
3839,2.1221254
3839.5,2.1203402
3840,2.1185853
3840.5,2.1166677
3841,2.1146994
3841.5,2.1125382
3842,2.1104097
3842.5,2.1085563
3843,2.1063501
3843.5,2.1045479
3844,2.1026341
3844.5,2.1009024
3845,2.099026
3845.5,2.0971585
3846,2.0949191
3846.5,2.0930935
3847,2.0912024
3847.5,2.0892549
3848,2.0872457
3848.5,2.0858118
3849,2.0840417
3849.5,2.0822652
3850,2.0804686
3850.5,2.078633
3851,2.0768903
3851.5,2.0751917
3852,2.0736195
3852.5,2.0721479
3853,2.0707427
3853.5,2.0690881
3854,2.0675595
3854.5,2.0658403
3855,2.0642989
3855.5,2.0628281
3856,2.0611911
3856.5,2.0599665
3857,2.0586005
3857.5,2.0572354
3858,2.0557982
3858.5,2.0544605
3859,2.0529236
3859.5,2.0514913
3860,2.0500834
3860.5,2.0485941
3861,2.0470417
3861.5,2.0452806
3862,2.0440151
3862.5,2.0424693
3863,2.0410124
3863.5,2.0396589
3864,2.038392
3864.5,2.036963
3865,2.0354499
3865.5,2.0342036
3866,2.0330355
3866.5,2.0316946
3867,2.03064
3867.5,2.0293422
3868,2.0278156
3868.5,2.026555
3869,2.0253958
3869.5,2.0241031
3870,2.0228085
3870.5,2.0216921
3871,2.0205614
3871.5,2.0192621
3872,2.0183117
3872.5,2.0170926
3873,2.0157845
3873.5,2.0147826
3874,2.013779
3874.5,2.0125869
3875,2.0114738
3875.5,2.0104943
3876,2.0092078
3876.5,2.0079971
3877,2.0070644
3877.5,2.0059612
3878,2.0052687
3878.5,2.0042817
3879,2.002855
3879.5,2.001714
3880,2.0005334
3880.5,1.9992045
3881,1.9980041
3881.5,1.9967072
3882,1.9958681
3882.5,1.9945071
3883,1.993472
3883.5,1.9924164
3884,1.9915421
3884.5,1.9903566
3885,1.9893547
3885.5,1.9881915
3886,1.9871532
3886.5,1.9858757
3887,1.9845593
3887.5,1.9833341
3888,1.9824378
3888.5,1.981427
3889,1.980273
3889.5,1.9791459
3890,1.9776703
3890.5,1.9763779
3891,1.9751951
3891.5,1.9741238
3892,1.9728439
3892.5,1.9714021
3893,1.9700939
3893.5,1.968873
3894,1.967458
3894.5,1.9659014
3895,1.9647536
3895.5,1.9632883
3896,1.9622757
3896.5,1.9608112
3897,1.9596204
3897.5,1.9583868
3898,1.9569595
3898.5,1.9556864
3899,1.9543568
3899.5,1.9532875
3900,1.9518366
3900.5,1.9507211
3901,1.9491763
3901.5,1.9477537
3902,1.9460243
3902.5,1.9445613
3903,1.9430762
3903.5,1.9419143
3904,1.9406608
3904.5,1.9393665
3905,1.9379203
3905.5,1.9366575
3906,1.9352512
3906.5,1.9338295
3907,1.9325486
3907.5,1.9310627
3908,1.9296939
3908.5,1.9285067
3909,1.9273055
3909.5,1.9260341
3910,1.9245994
3910.5,1.9231688
3911,1.9219431
3911.5,1.9203568
3912,1.919069
3912.5,1.9177103
3913,1.9162558
3913.5,1.9147838
3914,1.9133702
3914.5,1.9120815
3915,1.9105591
3915.5,1.9092056
3916,1.9080294
3916.5,1.9065306
3917,1.9051049
3917.5,1.9036181
3918,1.9021788
3918.5,1.9008469
3919,1.8995655
3919.5,1.898162
3920,1.8965651
3920.5,1.8949769
3921,1.893739
3921.5,1.8922269
3922,1.8909552
3922.5,1.889638
3923,1.8880524
3923.5,1.8864932
3924,1.8850259
3924.5,1.8835058
3925,1.8819235
3925.5,1.8803889
3926,1.8786731
3926.5,1.8771388
3927,1.8755551
3927.5,1.8739988
3928,1.8723305
3928.5,1.8705791
3929,1.8689848
3929.5,1.8672398
3930,1.865665
3930.5,1.8638456
3931,1.8620654
3931.5,1.8602342
3932,1.8585255
3932.5,1.856737
3933,1.8548201
3933.5,1.8530237
3934,1.8512299
3934.5,1.8495003
3935,1.8476147
3935.5,1.845651
3936,1.8437286
3936.5,1.8418277
3937,1.839905
3937.5,1.8379105
3938,1.8360829
3938.5,1.8342124
3939,1.8321677
3939.5,1.8302763
3940,1.8284844
3940.5,1.8263715
3941,1.8242915
3941.5,1.8222375
3942,1.8202334
3942.5,1.8180762
3943,1.8158422
3943.5,1.8133739
3944,1.8110771
3944.5,1.8088658
3945,1.8067354
3945.5,1.8044479
3946,1.8021234
3946.5,1.7999506
3947,1.7975954
3947.5,1.7950874
3948,1.7929591
3948.5,1.7906199
3949,1.7882064
3949.5,1.7855764
3950,1.7831621
3950.5,1.7807519
3951,1.778381
3951.5,1.7761003
3952,1.7734166
3952.5,1.7709532
3953,1.7684865
3953.5,1.7659692
3954,1.7633409
3954.5,1.7605891
3955,1.7580505
3955.5,1.7553963
3956,1.752864
3956.5,1.7501942
3957,1.7473459
3957.5,1.744639
3958,1.7418915
3958.5,1.7392228
3959,1.7364082
3959.5,1.733433
3960,1.7305905
3960.5,1.7274295
3961,1.7244876
3961.5,1.7217066
3962,1.7187918
3962.5,1.7159126
3963,1.7130126
3963.5,1.7099682
3964,1.7069332
3964.5,1.7036466
3965,1.7004099
3965.5,1.6972612
3966,1.6941056
3966.5,1.6908558
3967,1.6876079
3967.5,1.684234
3968,1.6809123
3968.5,1.6777251
3969,1.6742256
3969.5,1.6708443
3970,1.6673953
3970.5,1.6639198
3971,1.6605339
3971.5,1.6570614
3972,1.6534546
3972.5,1.6498237
3973,1.6461552
3973.5,1.6425366
3974,1.6388997
3974.5,1.6352862
3975,1.631597
3975.5,1.6280343
3976,1.6242808
3976.5,1.6203762
3977,1.616611
3977.5,1.6128126
3978,1.6090099
3978.5,1.6052339
3979,1.6014802
3979.5,1.5975902
3980,1.5936902
3980.5,1.5897954
3981,1.5858392
3981.5,1.5820383
3982,1.5781299
3982.5,1.574173
3983,1.5702959
3983.5,1.5663233
3984,1.5624028
3984.5,1.5584966
3985,1.5545234
3985.5,1.5505136
3986,1.5466457
3986.5,1.5427013
3987,1.538767
3987.5,1.5347937
3988,1.530907
3988.5,1.5270391
3989,1.5231764
3989.5,1.5191511
3990,1.5153241
3990.5,1.5114512
3991,1.507539
3991.5,1.503806
3992,1.500053
3992.5,1.4963073
3993,1.4926806
3993.5,1.4890413
3994,1.485276
3994.5,1.4815583
3995,1.4778846
3995.5,1.4742528
3996,1.4706268
3996.5,1.4669283
3997,1.4633312
3997.5,1.4597458
3998,1.4561866
3998.5,1.4525654
3999,1.4489942
3999.5,1.4454935
4000,1.4420672
4000.5,1.4385333
4001,1.4351397
4001.5,1.431871
4002,1.4284113
4002.5,1.425068
4003,1.4218171
4003.5,1.4186154
4004,1.4153522
4004.5,1.4120754
4005,1.4088317
4005.5,1.4057297
4006,1.4025816
4006.5,1.3994052
4007,1.3963417
4007.5,1.3934282
4008,1.3905225
4008.5,1.3876158
4009,1.3846643
4009.5,1.382002
4010,1.3790864
4010.5,1.3762262
4011,1.3735197
4011.5,1.3708336
4012,1.3682456
4012.5,1.3657054
4013,1.3631539
4013.5,1.3605314
4014,1.3581288
4014.5,1.3557739
4015,1.3534607
4015.5,1.3510838
4016,1.3489049
4016.5,1.346644
4017,1.344422
4017.5,1.3423109
4018,1.3401561
4018.5,1.3380729
4019,1.3361363
4019.5,1.3340905
4020,1.3321729
4020.5,1.3302231
4021,1.3283842
4021.5,1.326658
4022,1.3249428
4022.5,1.3232453
4023,1.3217344
4023.5,1.3200835
4024,1.3185279
4024.5,1.316882
4025,1.315447
4025.5,1.3139674
4026,1.312486
4026.5,1.3110433
4027,1.3096115
4027.5,1.3082579
4028,1.3069492
4028.5,1.3055225
4029,1.304218
4029.5,1.3028667
4030,1.3014598
4030.5,1.300151
4031,1.2987942
4031.5,1.2975099
4032,1.2960782
4032.5,1.2947147
4033,1.2933925
4033.5,1.2920497
4034,1.2906714
4034.5,1.2892388
4035,1.2879083
4035.5,1.2865617
4036,1.2850274
4036.5,1.2836482
4037,1.2822852
4037.5,1.280948
4038,1.2796256
4038.5,1.2783311
4039,1.2771303
4039.5,1.2759276
4040,1.2747496
4040.5,1.2736311
4041,1.2725366
4041.5,1.2714827
4042,1.2704913
4042.5,1.2694792
4043,1.2684741
4043.5,1.2674489
4044,1.2665361
4044.5,1.2656443
4045,1.2646632
4045.5,1.2637652
4046,1.2628788
4046.5,1.2620498
4047,1.2611734
4047.5,1.260341
4048,1.2595155
4048.5,1.2587682
4049,1.2579384
4049.5,1.2571414
4050,1.2563345
4050.5,1.2555165
4051,1.2547814
4051.5,1.2541328
4052,1.2533961
4052.5,1.2526954
4053,1.2519666
4053.5,1.2512632
4054,1.2505301
4054.5,1.2496949
4055,1.2489867
4055.5,1.2481778
4056,1.2474516
4056.5,1.2466331
4057,1.2458124
4057.5,1.2449757
4058,1.2440607
4058.5,1.2432045
4059,1.2424029
4059.5,1.2415161
4060,1.2405749
4060.5,1.2396454
4061,1.2387473
4061.5,1.2378431
4062,1.2368744
4062.5,1.2359284
4063,1.2349479
4063.5,1.233972
4064,1.2329269
4064.5,1.2319443
4065,1.2309764
4065.5,1.2300102
4066,1.2290876
4066.5,1.2280572
4067,1.2270045
4067.5,1.2260668
4068,1.2250089
4068.5,1.2239496
4069,1.223007
4069.5,1.2220663
4070,1.2211016
4070.5,1.2201901
4071,1.2192428
4071.5,1.2183545
4072,1.2174587
4072.5,1.2165554
4073,1.2156248
4073.5,1.2148077
4074,1.2138858
4074.5,1.2129785
4075,1.2120193
4075.5,1.2111052
4076,1.2102815
4076.5,1.2094514
4077,1.2085602
4077.5,1.2077406
4078,1.2068881
4078.5,1.2060336
4079,1.2052989
4079.5,1.2044872
4080,1.2037078
4080.5,1.202866
4081,1.2021996
4081.5,1.2014367
4082,1.2007071
4082.5,1.1999838
4083,1.1993292
4083.5,1.1985798
4084,1.1979784
4084.5,1.1973112
4085,1.196688
4085.5,1.1961461
4086,1.1955952
4086.5,1.1950658
4087,1.1945102
4087.5,1.1939224
4088,1.1933731
4088.5,1.1928418
4089,1.19234
4089.5,1.1918272
4090,1.1913829
4090.5,1.1909052
4091,1.1905273
4091.5,1.190131
4092,1.1896205
4092.5,1.1891185
4093,1.1886938
4093.5,1.1882155
4094,1.187751
4094.5,1.1873161
4095,1.1867575
4095.5,1.1861973
4096,1.1856343
4096.5,1.1850232
4097,1.1844015
4097.5,1.1837404
4098,1.1829928
4098.5,1.1822033
4099,1.1813375
4099.5,1.1804231
4100,1.1794879
4100.5,1.1784993
4101,1.1774364
4101.5,1.1763998
4102,1.1752334
4102.5,1.1740752
4103,1.1727817
4103.5,1.1714881
4104,1.1701597
4104.5,1.1687099
4105,1.1672136
4105.5,1.1656535
4106,1.1640888
4106.5,1.1624586
4107,1.1607793
4107.5,1.159044
4108,1.1572724
4108.5,1.1554095
4109,1.1535971
4109.5,1.1516889
4110,1.1497284
4110.5,1.1477713
4111,1.1457318
4111.5,1.143713
4112,1.1417053
4112.5,1.1396103
4113,1.1375188
4113.5,1.1354159
4114,1.1333362
4114.5,1.1312923
4115,1.1292873
4115.5,1.1273477
4116,1.1254327
4116.5,1.1234793
4117,1.1216029
4117.5,1.1197245
4118,1.117799
4118.5,1.1159497
4119,1.1142091
4119.5,1.112453
4120,1.1107242
4120.5,1.1091238
4121,1.1075228
4121.5,1.1060421
4122,1.1045481
4122.5,1.1029964
4123,1.1014598
4123.5,1.1000404
4124,1.0986821
4124.5,1.0972695
4125,1.0959825
4125.5,1.0947009
4126,1.0935217
4126.5,1.0924232
4127,1.0913227
4127.5,1.0902118
4128,1.0892113
4128.5,1.0881618
4129,1.0871745
4129.5,1.0861987
4130,1.0853139
4130.5,1.0844803
4131,1.083567
4131.5,1.0827713
4132,1.08192
4132.5,1.0811797
4133,1.0804316
4133.5,1.079747
4134,1.0789932
4134.5,1.0782384
4135,1.0775546
4135.5,1.0769517
4136,1.0763398
4136.5,1.0757404
4137,1.0752023
4137.5,1.0746454
4138,1.0741861
4138.5,1.0737007
4139,1.0733377
4139.5,1.07298
4140,1.072668
4140.5,1.0723826
4141,1.0721488
4141.5,1.0718749
4142,1.0716578
4142.5,1.0715007
4143,1.0713944
4143.5,1.0712924
4144,1.0712403
4144.5,1.0711921
4145,1.0711553
4145.5,1.0712174
4146,1.0713421
4146.5,1.0714614
4147,1.0715334
4147.5,1.07166
4148,1.0718259
4148.5,1.0720802
4149,1.0723249
4149.5,1.0725813
4150,1.0728768
4150.5,1.073202
4151,1.0735652
4151.5,1.0738972
4152,1.0743623
4152.5,1.074755
4153,1.0751645
4153.5,1.0756194
4154,1.0760996
4154.5,1.076525
4155,1.07695
4155.5,1.0774366
4156,1.0779537
4156.5,1.0785744
4157,1.0790722
4157.5,1.0795775
4158,1.0800886
4158.5,1.0806225
4159,1.0812061
4159.5,1.0817597
4160,1.0823337
4160.5,1.0829437
4161,1.0835593
4161.5,1.0842928
4162,1.0849963
4162.5,1.0857353
4163,1.086474
4163.5,1.0872275
4164,1.0880729
4164.5,1.0889437
4165,1.0898643
4165.5,1.0907792
4166,1.0917163
4166.5,1.0927291
4167,1.0937643
4167.5,1.0947408
4168,1.095774
4168.5,1.0969038
4169,1.0979465
4169.5,1.0990635
4170,1.1001096
4170.5,1.1011964
4171,1.1022441
4171.5,1.1032249
4172,1.1042311
4172.5,1.1051751
4173,1.1061061
4173.5,1.1070125
4174,1.1078076
4174.5,1.1085544
4175,1.1092406
4175.5,1.1099599
4176,1.1105401
4176.5,1.1111128
4177,1.1115722
4177.5,1.1119955
4178,1.1123375
4178.5,1.1126596
4179,1.1129361
4179.5,1.1131063
4180,1.1132741
4180.5,1.1132877
4181,1.1133042
4181.5,1.1132208
4182,1.1130948
4182.5,1.1129141
4183,1.11277
4183.5,1.1124166
4184,1.1120577
4184.5,1.111648
4185,1.1112517
4185.5,1.1108059
4186,1.1103101
4186.5,1.109742
4187,1.1091365
4187.5,1.1085198
4188,1.1078692
4188.5,1.1071343
4189,1.1064055
4189.5,1.1056178
4190,1.1047904
4190.5,1.103979
4191,1.1031931
4191.5,1.1023431
4192,1.101512
4192.5,1.1006642
4193,1.0997351
4193.5,1.0989025
4194,1.0980746
4194.5,1.0972329
4195,1.09632
4195.5,1.0954123
4196,1.0945115
4196.5,1.0936041
4197,1.0927269
4197.5,1.091786
4198,1.0907776
4198.5,1.0898154
4199,1.0887731
4199.5,1.0876681
4200,1.0865627
4200.5,1.0854103
4201,1.0842862
4201.5,1.0830471
4202,1.0818103
4202.5,1.0805519
4203,1.0792616
4203.5,1.0779657
4204,1.0766181
4204.5,1.0752536
4205,1.0739108
4205.5,1.0725268
4206,1.0710601
4206.5,1.0696677
4207,1.068215
4207.5,1.0668123
4208,1.0653678
4208.5,1.0639669
4209,1.0624912
4209.5,1.0610481
4210,1.0596405
4210.5,1.0582851
4211,1.0569379
4211.5,1.0555816
4212,1.0542545
4212.5,1.0529802
4213,1.0517549
4213.5,1.0504614
4214,1.0492325
4214.5,1.0480839
4215,1.0469386
4215.5,1.045788
4216,1.0446706
4216.5,1.0436013
4217,1.0425302
4217.5,1.0414586
4218,1.0403351
4218.5,1.0393914
4219,1.0383918
4219.5,1.0373745
4220,1.03641
4220.5,1.0354288
4221,1.034528
4221.5,1.0335744
4222,1.0326284
4222.5,1.0317111
4223,1.0308568
4223.5,1.0299558
4224,1.0291138
4224.5,1.0282864
4225,1.0274151
4225.5,1.026472
4226,1.0257091
4226.5,1.0249215
4227,1.0240779
4227.5,1.0232649
4228,1.0224854
4228.5,1.0216092
4229,1.0208194
4229.5,1.0200056
4230,1.0192713
4230.5,1.0184755
4231,1.017709
4231.5,1.0169365
4232,1.0161669
4232.5,1.0154212
4233,1.0146771
4233.5,1.013887
4234,1.0131178
4234.5,1.0123727
4235,1.0115513
4235.5,1.0107872
4236,1.0099634
4236.5,1.0091225
4237,1.0083112
4237.5,1.0075089
4238,1.0066441
4238.5,1.0057099
4239,1.0048579
4239.5,1.0039554
4240,1.0030702
4240.5,1.0021387
4241,1.0012334
4241.5,1.0002979
4242,0.99935379
4242.5,0.99840938
4243,0.99749458
4243.5,0.99651514
4244,0.99566149
4244.5,0.99470398
4245,0.99386956
4245.5,0.99290656
4246,0.99196596
4246.5,0.99102136
4247,0.99009638
4247.5,0.98915999
4248,0.98819886
4248.5,0.98724201
4249,0.98622538
4249.5,0.9852988
4250,0.98436868
4250.5,0.9834184
4251,0.98244689
4251.5,0.98144305
4252,0.9804721
4252.5,0.97953523
4253,0.97861653
4253.5,0.97767524
4254,0.9767936
4254.5,0.97589815
4255,0.97505517
4255.5,0.97425112
4256,0.97339415
4256.5,0.97256938
4257,0.97173129
4257.5,0.97098224
4258,0.97027887
4258.5,0.96954759
4259,0.96881134
4259.5,0.96802667
4260,0.96734355
4260.5,0.96671298
4261,0.96612923
4261.5,0.96558613
4262,0.96499
4262.5,0.96439548
4263,0.9638942
4263.5,0.9633721
4264,0.96289847
4264.5,0.9624585
4265,0.96210559
4265.5,0.96173283
4266,0.96141764
4266.5,0.96114169
4267,0.9608878
4267.5,0.96070426
4268,0.96059201
4268.5,0.96044599
4269,0.96034785
4269.5,0.96029765
4270,0.9602175
4270.5,0.96018296
4271,0.96020109
4271.5,0.96021631
4272,0.96023493
4272.5,0.9603225
4273,0.96042073
4273.5,0.96055897
4274,0.96074061
4274.5,0.96087888
4275,0.96109705
4275.5,0.96135588
4276,0.96157642
4276.5,0.96193936
4277,0.96233208
4277.5,0.96270718
4278,0.96317955
4278.5,0.96361835
4279,0.96416178
4279.5,0.96480625
4280,0.96550529
4280.5,0.96625655
4281,0.96703115
4281.5,0.96783553
4282,0.96871885
4282.5,0.96966261
4283,0.97060468
4283.5,0.97159075
4284,0.97261746
4284.5,0.9737416
4285,0.97485162
4285.5,0.97601964
4286,0.97720106
4286.5,0.9784776
4287,0.97974776
4287.5,0.98101591
4288,0.98227798
4288.5,0.98355745
4289,0.98488768
4289.5,0.98622481
4290,0.98749035
4290.5,0.98876497
4291,0.99004234
4291.5,0.99135842
4292,0.9926193
4292.5,0.99389363
4293,0.99517832
4293.5,0.99650164
4294,0.99779484
4294.5,0.99899245
4295,1.0002371
4295.5,1.0014485
4296,1.0026702
4296.5,1.0038708
4297,1.0050156
4297.5,1.0061244
4298,1.0072494
4298.5,1.0082152
4299,1.0092462
4299.5,1.0101223
4300,1.0109724
4300.5,1.0118303
4301,1.0126044
4301.5,1.0132368
4302,1.013828
4302.5,1.0143675
4303,1.014827
4303.5,1.0153198
4304,1.0156706
4304.5,1.0159263
4305,1.0161393
4305.5,1.0163189
4306,1.0163879
4306.5,1.016449
4307,1.0165233
4307.5,1.0164826
4308,1.016381
4308.5,1.016304
4309,1.0160913
4309.5,1.0158943
4310,1.0156019
4310.5,1.0153112
4311,1.0149875
4311.5,1.0146743
4312,1.0142358
4312.5,1.0138754
4313,1.0134451
4313.5,1.0130722
4314,1.0127597
4314.5,1.0123369
4315,1.0119173
4315.5,1.0116102
4316,1.0111931
4316.5,1.0107492
4317,1.0103864
4317.5,1.0101604
4318,1.0099157
4318.5,1.0098351
4319,1.0096769
4319.5,1.0094817
4320,1.009337
4320.5,1.0092919
4321,1.0092938
4321.5,1.0093863
4322,1.0093449
4322.5,1.0094247
4323,1.0095408
4323.5,1.0097043
4324,1.009842
4324.5,1.0099657
4325,1.0101507
4325.5,1.0104814
4326,1.0106267
4326.5,1.0109114
4327,1.0111788
4327.5,1.0113834
4328,1.0116676
4328.5,1.0117891
4329,1.0120837
4329.5,1.0123948
4330,1.012671
4330.5,1.0130007
4331,1.013303
4331.5,1.0135995
4332,1.0138971
4332.5,1.0141631
4333,1.0144093
4333.5,1.0146688
4334,1.0148575
4334.5,1.0150919
4335,1.0153201
4335.5,1.0154035
4336,1.0154785
4336.5,1.0154888
4337,1.0154371
4337.5,1.0154089
4338,1.0152678
4338.5,1.0151199
4339,1.0149353
4339.5,1.0147437
4340,1.0145038
4340.5,1.0140534
4341,1.013693
4341.5,1.0132346
4342,1.0127007
4342.5,1.012145
4343,1.0115593
4343.5,1.0108154
4344,1.010002
4344.5,1.0092111
4345,1.0083367
4345.5,1.0073331
4346,1.0063452
4346.5,1.0051836
4347,1.0039089
4347.5,1.0026641
4348,1.0013813
4348.5,1.0001086
4349,0.99868176
4349.5,0.99726344
4350,0.99576129
4350.5,0.99422152
4351,0.99262213
4351.5,0.99093914
4352,0.98930084
4352.5,0.98755364
4353,0.98578063
4353.5,0.98405358
4354,0.98226299
4354.5,0.98046346
4355,0.97871131
4355.5,0.97683635
4356,0.97503835
4356.5,0.97328148
4357,0.97151569
4357.5,0.96975983
4358,0.96806259
4358.5,0.96644692
4359,0.96478441
4359.5,0.96316769
4360,0.96161193
4360.5,0.96015762
4361,0.95870484
4361.5,0.95728761
4362,0.95585774
4362.5,0.95459046
4363,0.95333917
4363.5,0.95205585
4364,0.95097161
4364.5,0.94995561
4365,0.94893161
4365.5,0.94805056
4366,0.94715015
4366.5,0.94638725
4367,0.9457095
4367.5,0.94494331
4368,0.9443001
4368.5,0.94373654
4369,0.94323724
4369.5,0.94278101
4370,0.94236494
4370.5,0.94200681
4371,0.94165974
4371.5,0.94137944
4372,0.94113849
4372.5,0.94092768
4373,0.9407851
4373.5,0.940748
4374,0.9406696
4374.5,0.9405981
4375,0.94060099
4375.5,0.94056777
4376,0.94056588
4376.5,0.94059905
4377,0.94067684
4377.5,0.94073955
4378,0.94082707
4378.5,0.94100506
4379,0.94113651
4379.5,0.94128372
4380,0.94153717
4380.5,0.94177635
4381,0.94204709
4381.5,0.94226893
4382,0.94254791
4382.5,0.94284078
4383,0.94307877
4383.5,0.94333474
4384,0.94357679
4384.5,0.94385418
4385,0.94401077
4385.5,0.94420764
4386,0.94441017
4386.5,0.94456651
4387,0.9446876
4387.5,0.94486204
4388,0.94497516
4388.5,0.94515992
4389,0.94532098
4389.5,0.94545064
4390,0.94554603
4390.5,0.94562009
4391,0.94574894
4391.5,0.94586564
4392,0.94590519
4392.5,0.94600868
4393,0.94602799
4393.5,0.94615692
4394,0.94626145
4394.5,0.94636742
4395,0.94638476
4395.5,0.94646774
4396,0.94649344
4396.5,0.94659097
4397,0.94668313
4397.5,0.9466413
4398,0.94669164
4398.5,0.94672464
4399,0.94670876
4399.5,0.94672713
4400,0.94673017
4400.5,0.94669906
4401,0.94668396
4401.5,0.94663857
4402,0.94662262
4402.5,0.94662963
4403,0.94664228
4403.5,0.94657019
4404,0.9464975
4404.5,0.94655601
4405,0.94654829
4405.5,0.94658846
4406,0.94656029
4406.5,0.94654428
4407,0.94648524
4407.5,0.94639405
4408,0.94644807
4408.5,0.94642995
4409,0.94638268
4409.5,0.94639152
4410,0.9464138
4410.5,0.94643133
4411,0.94645944
4411.5,0.94651189
4412,0.94657915
4412.5,0.94664741
4413,0.94675632
4413.5,0.94684059
4414,0.94695593
4414.5,0.94711075
4415,0.94730359
4415.5,0.94741777
4416,0.9475683
4416.5,0.94764823
4417,0.94775846
4417.5,0.94786021
4418,0.94804609
4418.5,0.94824553
4419,0.94847399
4419.5,0.9486433
4420,0.94887625
4420.5,0.94906837
4421,0.94937575
4421.5,0.94966552
4422,0.95001321
4422.5,0.95040556
4423,0.95077026
4423.5,0.95111566
4424,0.95151307
4424.5,0.95195746
4425,0.95240329
4425.5,0.95287613
4426,0.95337401
4426.5,0.95388204
4427,0.95444316
4427.5,0.95509147
4428,0.95568509
4428.5,0.95635703
4429,0.95710522
4429.5,0.9578298
4430,0.95857336
4430.5,0.95932456
4431,0.96009533
4431.5,0.96087184
4432,0.96169141
4432.5,0.96249264
4433,0.9633369
4433.5,0.96416671
4434,0.96504514
4434.5,0.96593235
4435,0.96679769
4435.5,0.96762419
4436,0.96846533
4436.5,0.9693668
4437,0.9702634
4437.5,0.97120139
4438,0.97211414
4438.5,0.97300383
4439,0.97393876
4439.5,0.97486564
4440,0.97581567
4440.5,0.97679874
4441,0.97777649
4441.5,0.97879477
4442,0.979824
4442.5,0.98085032
4443,0.98189102
4443.5,0.98294971
4444,0.98398038
4444.5,0.98500394
4445,0.98602868
4445.5,0.98702549
4446,0.98804351
4446.5,0.98910805
4447,0.99013961
4447.5,0.9912143
4448,0.99225474
4448.5,0.99328107
4449,0.99434988
4449.5,0.99535454
4450,0.99637804
4450.5,0.99741705
4451,0.99834138
4451.5,0.99933788
4452,1.0002569
4452.5,1.0012026
4453,1.0021424
4453.5,1.0030484
4454,1.0039224
4454.5,1.0047641
4455,1.0055679
4455.5,1.0063332
4456,1.0070157
4456.5,1.0076638
4457,1.0082727
4457.5,1.0088019
4458,1.0092908
4458.5,1.0097605
4459,1.0101682
4459.5,1.0104772
4460,1.0107406
4460.5,1.0109286
4461,1.011085
4461.5,1.0112417
4462,1.0112831
4462.5,1.0112967
4463,1.01124
4463.5,1.011111
4464,1.0109773
4464.5,1.0108137
4465,1.0105854
4465.5,1.0103013
4466,1.0100347
4466.5,1.0097574
4467,1.0093807
4467.5,1.0089968
4468,1.0085755
4468.5,1.008094
4469,1.0075849
4469.5,1.0070671
4470,1.0065085
4470.5,1.0058828
4471,1.0052512
4471.5,1.0046723
4472,1.004084
4472.5,1.0034796
4473,1.0028376
4473.5,1.002238
4474,1.0016754
4474.5,1.0010806
4475,1.0005076
4475.5,0.99987416
4476,0.99934499
4476.5,0.99879364
4477,0.99826275
4477.5,0.99777824
4478,0.99729012
4478.5,0.99686286
4479,0.99639707
4479.5,0.99594552
4480,0.99548289
4480.5,0.99506673
4481,0.99462061
4481.5,0.99419292
4482,0.99376492
4482.5,0.99330457
4483,0.99277586
4483.5,0.9922834
4484,0.99188351
4484.5,0.99146512
4485,0.9909728
4485.5,0.99046427
4486,0.99001291
4486.5,0.98951617
4487,0.9890085
4487.5,0.98849795
4488,0.98796307
4488.5,0.98746482
4489,0.98695066
4489.5,0.98630161
4490,0.98569461
4490.5,0.98508927
4491,0.98443562
4491.5,0.9837546
4492,0.98305954
4492.5,0.98233028
4493,0.98162118
4493.5,0.98087641
4494,0.98008509
4494.5,0.97931568
4495,0.97850736
4495.5,0.97775147
4496,0.97694772
4496.5,0.97608811
4497,0.97525939
4497.5,0.97443872
4498,0.97360483
4498.5,0.97278532
4499,0.97196593
4499.5,0.97120768
4500,0.97044146
4500.5,0.96970021
4501,0.96895884
4501.5,0.96823118
4502,0.96754117
4502.5,0.96690087
4503,0.96629395
4503.5,0.96569158
4504,0.96516744
4504.5,0.96468502
4505,0.9642155
4505.5,0.96380077
4506,0.96347995
4506.5,0.96320821
4507,0.96295418
4507.5,0.962811
4508,0.96269149
4508.5,0.96261687
4509,0.96263197
4509.5,0.96265217
4510,0.96275194
4510.5,0.96291256
4511,0.96312982
4511.5,0.96338494
4512,0.96364019
4512.5,0.96395536
4513,0.96434116
4513.5,0.96478106
4514,0.9652625
4514.5,0.96576476
4515,0.96632041
4515.5,0.96685058
4516,0.96747129
4516.5,0.96810626
4517,0.96876164
4517.5,0.96941764
4518,0.97012693
4518.5,0.97085146
4519,0.97157355
4519.5,0.97236584
4520,0.97308999
4520.5,0.97381363
4521,0.9746141
4521.5,0.97536545
4522,0.97610179
4522.5,0.97682547
4523,0.97751878
4523.5,0.97821729
4524,0.97886767
4524.5,0.97955337
4525,0.9801662
4525.5,0.98071598
4526,0.98123744
4526.5,0.98174115
4527,0.98219859
4527.5,0.98257726
4528,0.9829139
4528.5,0.98318043
4529,0.98337488
4529.5,0.98353315
4530,0.98368828
4530.5,0.98370263
4531,0.98368166
4531.5,0.98358582
4532,0.98350755
4532.5,0.98336685
4533,0.9831245
4533.5,0.98286743
4534,0.98254825
4534.5,0.98223019
4535,0.98183148
4535.5,0.98145164
4536,0.98105833
4536.5,0.98064146
4537,0.98019325
4537.5,0.97972303
4538,0.97921063
4538.5,0.97875689
4539,0.97828873
4539.5,0.97784355
4540,0.97739919
4540.5,0.97694092
4541,0.97651216
4541.5,0.97608625
4542,0.97564685
4542.5,0.97526061
4543,0.97483792
4543.5,0.9744514
4544,0.97409391
4544.5,0.97372107
4545,0.97335291
4545.5,0.97300287
4546,0.97261106
4546.5,0.97225152
4547,0.97188343
4547.5,0.97151525
4548,0.97113964
4548.5,0.97078761
4549,0.9703388
4549.5,0.96993417
4550,0.96948436
4550.5,0.96906531
4551,0.96857057
4551.5,0.96809036
4552,0.96760488
4552.5,0.96711836
4553,0.96658517
4553.5,0.96603089
4554,0.96546435
4554.5,0.96489389
4555,0.96429249
4555.5,0.96367571
4556,0.96305079
4556.5,0.96242324
4557,0.96179744
4557.5,0.96118196
4558,0.96057592
4558.5,0.95996699
4559,0.95935188
4559.5,0.9587569
4560,0.95815479
4560.5,0.95762154
4561,0.95708218
4561.5,0.95659615
4562,0.95609722
4562.5,0.95567649
4563,0.95524292
4563.5,0.95485295
4564,0.95456882
4564.5,0.95425008
4565,0.95394988
4565.5,0.95366022
4566,0.95344719
4566.5,0.9533026
4567,0.95312513
4567.5,0.95297515
4568,0.95285891
4568.5,0.95278668
4569,0.95277959
4569.5,0.95284973
4570,0.95295383
4570.5,0.95307179
4571,0.95323431
4571.5,0.95340815
4572,0.95365089
4572.5,0.95391095
4573,0.95423796
4573.5,0.95455997
4574,0.95493552
4574.5,0.95528401
4575,0.95567586
4575.5,0.95608231
4576,0.95657888
4576.5,0.95711696
4577,0.95761007
4577.5,0.95813052
4578,0.95871657
4578.5,0.95928348
4579,0.95988045
4579.5,0.96044862
4580,0.96105004
4580.5,0.96158527
4581,0.96214743
4581.5,0.96264786
4582,0.96316072
4582.5,0.96364745
4583,0.96410926
4583.5,0.96454167
4584,0.96495046
4584.5,0.96528749
4585,0.96561545
4585.5,0.96593315
4586,0.96615028
4586.5,0.96633522
4587,0.96653661
4587.5,0.96671007
4588,0.96684489
4588.5,0.96695299
4589,0.96704452
4589.5,0.96708495
4590,0.96709406
4590.5,0.96710721
4591,0.96706146
4591.5,0.96699704
4592,0.96692223
4592.5,0.96680584
4593,0.96666188
4593.5,0.96650824
4594,0.96628109
4594.5,0.96612302
4595,0.96588564
4595.5,0.9656059
4596,0.96535022
4596.5,0.96507552
4597,0.96479651
4597.5,0.9645026
4598,0.96419546
4598.5,0.96390328
4599,0.96359163
4599.5,0.96325774
4600,0.9629106
4600.5,0.96255547
4601,0.96223049
4601.5,0.96189956
4602,0.96154164
4602.5,0.96119583
4603,0.96085908
4603.5,0.96052889
4604,0.96018908
4604.5,0.95987946
4605,0.95958961
4605.5,0.95930309
4606,0.95900275
4606.5,0.95873008
4607,0.95852053
4607.5,0.9582701
4608,0.95804332
4608.5,0.95785102
4609,0.9576555
4609.5,0.95750058
4610,0.95740729
4610.5,0.95735697
4611,0.95725523
4611.5,0.95721472
4612,0.95715106
4612.5,0.95715224
4613,0.95715336
4613.5,0.95714398
4614,0.95717489
4614.5,0.95726626
4615,0.95728193
4615.5,0.95736289
4616,0.95744137
4616.5,0.95750447
4617,0.95761351
4617.5,0.95772538
4618,0.9578447
4618.5,0.95797879
4619,0.95808982
4619.5,0.95824351
4620,0.95835062
4620.5,0.95854859
4621,0.95873378
4621.5,0.95892412
4622,0.95911633
4622.5,0.95931382
4623,0.95950532
4623.5,0.95974486
4624,0.95995995
4624.5,0.96020749
4625,0.96048108
4625.5,0.96076733
4626,0.96103482
4626.5,0.96128931
4627,0.96162947
4627.5,0.96197919
4628,0.96233694
4628.5,0.96270349
4629,0.96303815
4629.5,0.96343118
4630,0.96381852
4630.5,0.96419544
4631,0.96456858
4631.5,0.96502445
4632,0.96547401
4632.5,0.96587908
4633,0.96631141
4633.5,0.96673244
4634,0.96717655
4634.5,0.96764523
4635,0.96808661
4635.5,0.96859028
4636,0.96906149
4636.5,0.96952278
4637,0.97001061
4637.5,0.9704353
4638,0.97091569
4638.5,0.97140445
4639,0.97190131
4639.5,0.97237654
4640,0.97286876
4640.5,0.97333791
4641,0.97383863
4641.5,0.97434622
4642,0.97479667
4642.5,0.97525698
4643,0.97568178
4643.5,0.97614283
4644,0.97656743
4644.5,0.97700744
4645,0.97744053
4645.5,0.9778568
4646,0.97828927
4646.5,0.97868271
4647,0.97906633
4647.5,0.97941504
4648,0.97973662
4648.5,0.98002355
4649,0.98030867
4649.5,0.98062091
4650,0.98088592
4650.5,0.98113157
4651,0.98136088
4651.5,0.98155551
4652,0.98173249
4652.5,0.98191525
4653,0.98211154
4653.5,0.98228084
4654,0.98245504
4654.5,0.98261029
4655,0.98276975
4655.5,0.98287738
4656,0.9830101
4656.5,0.98309387
4657,0.98319179
4657.5,0.98328896
4658,0.98334577
4658.5,0.98340483
4659,0.98349648
4659.5,0.98357785
4660,0.98364368
4660.5,0.9837239
4661,0.98379501
4661.5,0.98388567
4662,0.98398305
4662.5,0.98406455
4663,0.98414347
4663.5,0.98421575
4664,0.98427922
4664.5,0.98433858
4665,0.98436715
4665.5,0.98444195
4666,0.98443628
4666.5,0.98447462
4667,0.98445167
4667.5,0.98440576
4668,0.98432992
4668.5,0.98424545
4669,0.98407833
4669.5,0.98394391
4670,0.98373015
4670.5,0.98353527
4671,0.98329685
4671.5,0.98297965
4672,0.9826672
4672.5,0.98236121
4673,0.98206013
4673.5,0.9817468
4674,0.98139178
4674.5,0.98103691
4675,0.98069851
4675.5,0.98035163
4676,0.97996476
4676.5,0.97954216
4677,0.9791336
4677.5,0.97870132
4678,0.97829309
4678.5,0.97787505
4679,0.97750007
4679.5,0.97711847
4680,0.9767832
4680.5,0.97640774
4681,0.97600275
4681.5,0.97558327
4682,0.9751899
4682.5,0.97483221
4683,0.9744517
4683.5,0.9741263
4684,0.97375943
4684.5,0.97343057
4685,0.97312054
4685.5,0.97279626
4686,0.97250884
4686.5,0.97221311
4687,0.97198708
4687.5,0.97175663
4688,0.97156487
4688.5,0.97136479
4689,0.97121499
4689.5,0.97105559
4690,0.97092042
4690.5,0.97078563
4691,0.97066505
4691.5,0.97056239
4692,0.97050215
4692.5,0.97043026
4693,0.97037054
4693.5,0.97036546
4694,0.97038756
4694.5,0.97039452
4695,0.97040641
4695.5,0.97044011
4696,0.97046326
4696.5,0.97049525
4697,0.97051656
4697.5,0.97054526
4698,0.97055591
4698.5,0.9705517
4699,0.97053512
4699.5,0.97049315
4700,0.97041572
4700.5,0.97033293
4701,0.97024148
4701.5,0.97009606
4702,0.96993214
4702.5,0.96976216
4703,0.96956044
4703.5,0.96930516
4704,0.9689706
4704.5,0.96865298
4705,0.96831144
4705.5,0.96792749
4706,0.96750228
4706.5,0.96703241
4707,0.96654132
4707.5,0.96599924
4708,0.96542736
4708.5,0.96484005
4709,0.96421328
4709.5,0.96353193
4710,0.9628256
4710.5,0.96207838
4711,0.96131702
4711.5,0.96054147
4712,0.95974678
4712.5,0.95896355
4713,0.95822031
4713.5,0.95742528
4714,0.95662674
4714.5,0.95576167
4715,0.95495635
4715.5,0.9541624
4716,0.9533594
4716.5,0.95253995
4717,0.9517778
4717.5,0.95097018
4718,0.95024552
4718.5,0.94950419
4719,0.94882669
4719.5,0.94813709
4720,0.94748143
4720.5,0.94685148
4721,0.94628608
4721.5,0.94571381
4722,0.94514619
4722.5,0.94464668
4723,0.94415769
4723.5,0.94364243
4724,0.94322589
4724.5,0.94280998
4725,0.94244577
4725.5,0.94205268
4726,0.94171869
4726.5,0.94141652
4727,0.94112167
4727.5,0.94081157
4728,0.9405022
4728.5,0.94020872
4729,0.93990684
4729.5,0.93964103
4730,0.93936696
4730.5,0.9390714
4731,0.93876821
4731.5,0.93846456
4732,0.93816262
4732.5,0.93783484
4733,0.9374974
4733.5,0.93716343
4734,0.93682789
4734.5,0.93649806
4735,0.93614902
4735.5,0.93589843
4736,0.93554826
4736.5,0.9351858
4737,0.93486913
4737.5,0.93450021
4738,0.93414703
4738.5,0.93380644
4739,0.9334629
4739.5,0.93314498
4740,0.93288183
4740.5,0.93259085
4741,0.93228834
4741.5,0.93201208
4742,0.93171906
4742.5,0.93140897
4743,0.93114817
4743.5,0.93093343
4744,0.93068939
4744.5,0.93051649
4745,0.93035391
4745.5,0.93017401
4746,0.93007158
4746.5,0.92996439
4747,0.92983524
4747.5,0.92973532
4748,0.92964166
4748.5,0.92953237
4749,0.92945685
4749.5,0.92940461
4750,0.92933482
4750.5,0.92930015
4751,0.9292923
4751.5,0.92931608
4752,0.9292874
4752.5,0.92924871
4753,0.92920683
4753.5,0.92918835
4754,0.92916038
4754.5,0.92913933
4755,0.9291159
4755.5,0.92907856
4756,0.92904148
4756.5,0.92894629
4757,0.92890316
4757.5,0.92880512
4758,0.92867685
4758.5,0.92852286
4759,0.92840026
4759.5,0.9282243
4760,0.92805319
4760.5,0.92786475
4761,0.92763585
4761.5,0.92738814
4762,0.92715961
4762.5,0.9268615
4763,0.92656477
4763.5,0.92615801
4764,0.92578686
4764.5,0.92535061
4765,0.92494556
4765.5,0.92446393
4766,0.92395316
4766.5,0.92342214
4767,0.92279473
4767.5,0.92220179
4768,0.92152973
4768.5,0.92085758
4769,0.92019903
4769.5,0.91954055
4770,0.91882079
4770.5,0.91812357
4771,0.91740387
4771.5,0.91670409
4772,0.91596754
4772.5,0.91525663
4773,0.91449782
4773.5,0.91375161
4774,0.91300814
4774.5,0.91229943
4775,0.91162657
4775.5,0.91093863
4776,0.91028095
4776.5,0.90963112
4777,0.90899473
4777.5,0.90835683
4778,0.90774947
4778.5,0.90716303
4779,0.90659503
4779.5,0.90602505
4780,0.90550438
4780.5,0.9049846
4781,0.90447711
4781.5,0.90401187
4782,0.90353242
4782.5,0.90306868
4783,0.9025858
4783.5,0.9021391
4784,0.90169587
4784.5,0.90126436
4785,0.90082771
4785.5,0.90041377
4786,0.89998382
4786.5,0.89953832
4787,0.89914896
4787.5,0.89878821
4788,0.89838916
4788.5,0.89793831
4789,0.89748501
4789.5,0.89701026
4790,0.89659481
4790.5,0.8961855
4791,0.89576192
4791.5,0.89532871
4792,0.89487946
4792.5,0.89448076
4793,0.89407666
4793.5,0.89367504
4794,0.89330857
4794.5,0.89296538
4795,0.89263301
4795.5,0.89231129
4796,0.89197622
4796.5,0.89165258
4797,0.89135412
4797.5,0.89104204
4798,0.89078554
4798.5,0.89049106
4799,0.89021977
4799.5,0.88994368
4800,0.8897472
4800.5,0.8895287
4801,0.88928631
4801.5,0.88903062
4802,0.8887649
4802.5,0.88854373
4803,0.88834068
4803.5,0.88812307
4804,0.88791647
4804.5,0.88769613
4805,0.88749786
4805.5,0.88727841
4806,0.88708308
4806.5,0.88687592
4807,0.88664469
4807.5,0.88643802
4808,0.88626029
4808.5,0.88602874
4809,0.88583277
4809.5,0.88562311
4810,0.88540897
4810.5,0.88522582
4811,0.88506042
4811.5,0.8849136
4812,0.88474729
4812.5,0.88458499
4813,0.88447142
4813.5,0.8843808
4814,0.88428113
4814.5,0.88423054
4815,0.88423147
4815.5,0.88424197
4816,0.88426403
4816.5,0.8843156
4817,0.88438778
4817.5,0.88449373
4818,0.88462176
4818.5,0.88479826
4819,0.88503248
4819.5,0.88531458
4820,0.88561099
4820.5,0.88592312
4821,0.88624417
4821.5,0.88661793
4822,0.88701173
4822.5,0.88742133
4823,0.88785594
4823.5,0.88832137
4824,0.88878959
4824.5,0.88928041
4825,0.88981103
4825.5,0.89038767
4826,0.89096999
4826.5,0.89155637
4827,0.89220802
4827.5,0.89287787
4828,0.89357095
4828.5,0.89426761
4829,0.89501175
4829.5,0.89582748
4830,0.89667966
4830.5,0.89750758
4831,0.8983513
4831.5,0.89928848
4832,0.90026157
4832.5,0.90127775
4833,0.90234282
4833.5,0.90347816
4834,0.9046274
4834.5,0.90579599
4835,0.90708161
4835.5,0.90837473
4836,0.90970144
4836.5,0.91108463
4837,0.9124809
4837.5,0.91390674
4838,0.91534611
4838.5,0.91684258
4839,0.91836529
4839.5,0.91993386
4840,0.92149465
4840.5,0.92310029
4841,0.92467701
4841.5,0.92637487
4842,0.92805037
4842.5,0.92977212
4843,0.93149279
4843.5,0.93324913
4844,0.93500422
4844.5,0.93676226
4845,0.93857844
4845.5,0.94041404
4846,0.94223754
4846.5,0.94410988
4847,0.94593424
4847.5,0.94780648
4848,0.94963091
4848.5,0.95143119
4849,0.95330321
4849.5,0.95511367
4850,0.95696135
4850.5,0.95869572
4851,0.9603509
4851.5,0.9620239
4852,0.96365601
4852.5,0.96525232
4853,0.96684515
4853.5,0.96832482
4854,0.96976403
4854.5,0.97115668
4855,0.97251807
4855.5,0.97379402
4856,0.97496367
4856.5,0.97609194
4857,0.97710421
4857.5,0.97803715
4858,0.9789047
4858.5,0.97971421
4859,0.98043277
4859.5,0.9810549
4860,0.98161729
4860.5,0.98207539
4861,0.9824851
4861.5,0.98271483
4862,0.98292418
4862.5,0.98306281
4863,0.98307413
4863.5,0.98298599
4864,0.9828019
4864.5,0.98252354
4865,0.98216403
4865.5,0.98172144
4866,0.9811945
4866.5,0.98057786
4867,0.97982543
4867.5,0.97897463
4868,0.97806889
4868.5,0.97711009
4869,0.97602263
4869.5,0.97490122
4870,0.97365124
4870.5,0.97227453
4871,0.97084808
4871.5,0.96934985
4872,0.96777692
4872.5,0.96607869
4873,0.96432108
4873.5,0.96252826
4874,0.96065304
4874.5,0.95874321
4875,0.95674845
4875.5,0.95471726
4876,0.95264704
4876.5,0.95065112
4877,0.94859262
4877.5,0.946453
4878,0.94428382
4878.5,0.94212054
4879,0.93992353
4879.5,0.93779098
4880,0.93561665
4880.5,0.93347277
4881,0.9313216
4881.5,0.92923607
4882,0.92709255
4882.5,0.92498134
4883,0.9228263
4883.5,0.920718
4884,0.91864285
4884.5,0.91653608
4885,0.91450225
4885.5,0.912475
4886,0.91040115
4886.5,0.90836459
4887,0.90636329
4887.5,0.90441969
4888,0.90250691
4888.5,0.90055623
4889,0.89864705
4889.5,0.89674543
4890,0.89490968
4890.5,0.89302955
4891,0.89121733
4891.5,0.88940656
4892,0.88764415
4892.5,0.88593346
4893,0.88421902
4893.5,0.88255119
4894,0.88096025
4894.5,0.87938732
4895,0.87785019
4895.5,0.87639785
4896,0.875006
4896.5,0.87370104
4897,0.87242576
4897.5,0.8712652
4898,0.87011316
4898.5,0.86902838
4899,0.86804872
4899.5,0.86711261
4900,0.86629782
4900.5,0.86550637
4901,0.86479879
4901.5,0.86412841
4902,0.86351594
4902.5,0.86295537
4903,0.86246198
4903.5,0.86204854
4904,0.86171176
4904.5,0.86140903
4905,0.86114757
4905.5,0.86095464
4906,0.86081322
4906.5,0.86067899
4907,0.86061583
4907.5,0.86055613
4908,0.86059393
4908.5,0.86070107
4909,0.86079194
4909.5,0.86092074
4910,0.86110532
4910.5,0.86126667
4911,0.86148157
4911.5,0.86170215
4912,0.86192688
4912.5,0.86212939
4913,0.86236436
4913.5,0.86263095
4914,0.86292129
4914.5,0.86317713
4915,0.86345338
4915.5,0.86376051
4916,0.86398924
4916.5,0.86424016
4917,0.86450658
4917.5,0.86474085
4918,0.86495239
4918.5,0.86516651
4919,0.86531504
4919.5,0.86543367
4920,0.86553118
4920.5,0.86556541
4921,0.86555644
4921.5,0.86558012
4922,0.86546837
4922.5,0.86532416
4923,0.8651486
4923.5,0.86499024
4924,0.86482547
4924.5,0.86452265
4925,0.8641883
4925.5,0.86384787
4926,0.86345474
4926.5,0.86308469
4927,0.8626726
4927.5,0.8621971
4928,0.86172225
4928.5,0.86121133
4929,0.86073622
4929.5,0.86025344
4930,0.85976832
4930.5,0.85929031
4931,0.85880147
4931.5,0.85834868
4932,0.85783579
4932.5,0.85728098
4933,0.85675941
4933.5,0.85625805
4934,0.85568631
4934.5,0.85514165
4935,0.85455398
4935.5,0.8539186
4936,0.85333625
4936.5,0.85268877
4937,0.85200204
4937.5,0.85134034
4938,0.85066069
4938.5,0.8499384
4939,0.84926052
4939.5,0.8485962
4940,0.84788702
4940.5,0.84718365
4941,0.846442
4941.5,0.84574687
4942,0.84503862
4942.5,0.84435741
4943,0.84370524
4943.5,0.84307726
4944,0.84246037
4944.5,0.84185011
4945,0.84131746
4945.5,0.84075785
4946,0.84024896
4946.5,0.83977497
4947,0.8393374
4947.5,0.8389189
4948,0.83850564
4948.5,0.83812475
4949,0.83779834
4949.5,0.83747897
4950,0.83722064
4950.5,0.83696545
4951,0.83673282
4951.5,0.83653407
4952,0.83636889
4952.5,0.83621037
4953,0.8361035
4953.5,0.83600701
4954,0.8359458
4954.5,0.83589492
4955,0.83582721
4955.5,0.83579366
4956,0.83577125
4956.5,0.83580542
4957,0.83581576
4957.5,0.83586139
4958,0.83588736
4958.5,0.83594193
4959,0.83601782
4959.5,0.8361047
4960,0.83616951
4960.5,0.83625204
4961,0.83635193
4961.5,0.83647221
4962,0.83659811
4962.5,0.83674579
4963,0.83696926
4963.5,0.83721196
4964,0.83745197
4964.5,0.83770449
4965,0.8380369
4965.5,0.83839724
4966,0.83877683
4966.5,0.83918826
4967,0.83957711
4967.5,0.83997768
4968,0.84041572
4968.5,0.84086298
4969,0.84127312
4969.5,0.84179149
4970,0.84235028
4970.5,0.8428792
4971,0.84340706
4971.5,0.84397303
4972,0.8445213
4972.5,0.84517574
4973,0.84580708
4973.5,0.84645262
4974,0.84715476
4974.5,0.84784924
4975,0.84857611
4975.5,0.8493244
4976,0.85010184
4976.5,0.85088522
4977,0.85164758
4977.5,0.85247726
4978,0.85325726
4978.5,0.85408884
4979,0.85491699
4979.5,0.85576052
4980,0.85657255
4980.5,0.85735302
4981,0.85814113
4981.5,0.85890364
4982,0.85964611
4982.5,0.8603492
4983,0.86104014
4983.5,0.86166893
4984,0.86231988
4984.5,0.86294039
4985,0.86354363
4985.5,0.86410541
4986,0.86466307
4986.5,0.86519237
4987,0.86574045
4987.5,0.86626483
4988,0.86675824
4988.5,0.86722242
4989,0.86769209
4989.5,0.86815642
4990,0.86866645
4990.5,0.86916692
4991,0.86966541
4991.5,0.87020098
4992,0.8707164
4992.5,0.87120685
4993,0.87173512
4993.5,0.87226862
4994,0.87281197
4994.5,0.87336427
4995,0.8739072
4995.5,0.87443678
4996,0.8750247
4996.5,0.87561543
4997,0.87619957
4997.5,0.87681101
4998,0.87748944
4998.5,0.87814827
4999,0.87879951
4999.5,0.87945565
5000,0.88010203
5000.5,0.88077466
5001,0.88143441
5001.5,0.88207095
5002,0.88269416
5002.5,0.88336617
5003,0.88397632
5003.5,0.88459317
5004,0.88514881
5004.5,0.88570166
5005,0.88629018
5005.5,0.88686079
5006,0.88738627
5006.5,0.88788041
5007,0.88831858
5007.5,0.88877873
5008,0.88920502
5008.5,0.88959953
5009,0.88997331
5009.5,0.89030915
5010,0.89066052
5010.5,0.89097898
5011,0.89130372
5011.5,0.89157001
5012,0.89182334
5012.5,0.89199515
5013,0.89215681
5013.5,0.89229074
5014,0.89237579
5014.5,0.89244367
5015,0.89247993
5015.5,0.89246639
5016,0.89241912
5016.5,0.89231414
5017,0.89213888
5017.5,0.89197932
5018,0.89177053
5018.5,0.89155158
5019,0.89127837
5019.5,0.89098683
5020,0.89065104
5020.5,0.89031756
5021,0.88991261
5021.5,0.88948287
5022,0.88908674
5022.5,0.88864571
5023,0.88814162
5023.5,0.887646
5024,0.88709462
5024.5,0.88657997
5025,0.88608794
5025.5,0.88556177
5026,0.88503046
5026.5,0.88451636
5027,0.88400762
5027.5,0.88349156
5028,0.88297284
5028.5,0.88246866
5029,0.88199318
5029.5,0.88146602
5030,0.88100187
5030.5,0.88052852
5031,0.88007152
5031.5,0.87961782
5032,0.87916883
5032.5,0.87874474
5033,0.87829807
5033.5,0.8778994
5034,0.87743503
5034.5,0.87699835
5035,0.87655124
5035.5,0.87612882
5036,0.87566707
5036.5,0.87526441
5037,0.87480318
5037.5,0.87433428
5038,0.8738929
5038.5,0.87343494
5039,0.87293751
5039.5,0.8724455
5040,0.87192429
5040.5,0.87140201
5041,0.87085101
5041.5,0.87028839
5042,0.86966999
5042.5,0.86908657
5043,0.86847549
5043.5,0.86786294
5044,0.86720005
5044.5,0.86653588
5045,0.86586179
5045.5,0.86518819
5046,0.86452381
5046.5,0.86388512
5047,0.86320203
5047.5,0.86258151
5048,0.861886
5048.5,0.86122233
5049,0.86055142
5049.5,0.85988062
5050,0.85920158
5050.5,0.85856655
5051,0.85791741
5051.5,0.85724894
5052,0.85658945
5052.5,0.85595936
5053,0.85529798
5053.5,0.85467738
5054,0.85404276
5054.5,0.85346285
5055,0.85288368
5055.5,0.85227704
5056,0.85171352
5056.5,0.85118652
5057,0.85071265
5057.5,0.8501903
5058,0.84978292
5058.5,0.84936457
5059,0.84897854
5059.5,0.84861652
5060,0.84830738
5060.5,0.84805583
5061,0.84784539
5061.5,0.8476338
5062,0.84748974
5062.5,0.84736793
5063,0.84725272
5063.5,0.84715861
5064,0.84708829
5064.5,0.8470287
5065,0.8470107
5065.5,0.84699733
5066,0.84701461
5066.5,0.84701581
5067,0.84705781
5067.5,0.84705434
5068,0.8470943
5068.5,0.84708788
5069,0.84711357
5069.5,0.84716742
5070,0.84720963
5070.5,0.84724335
5071,0.84731944
5071.5,0.8473708
5072,0.84739035
5072.5,0.84741507
5073,0.84737897
5073.5,0.84738311
5074,0.84733093
5074.5,0.84729428
5075,0.84725915
5075.5,0.84716267
5076,0.8470772
5076.5,0.84695017
5077,0.84681089
5077.5,0.84666883
5078,0.84648212
5078.5,0.84621744
5079,0.84596106
5079.5,0.84561846
5080,0.84526683
5080.5,0.84491301
5081,0.84448996
5081.5,0.84405105
5082,0.84360504
5082.5,0.84308081
5083,0.84255141
5083.5,0.84201838
5084,0.84144465
5084.5,0.84087063
5085,0.84028361
5085.5,0.83968738
5086,0.83907974
5086.5,0.83845219
5087,0.83780337
5087.5,0.83720384
5088,0.83658009
5088.5,0.835949
5089,0.83533972
5089.5,0.83475414
5090,0.83414175
5090.5,0.83353223
5091,0.83294787
5091.5,0.83233255
5092,0.831758
5092.5,0.83118999
5093,0.83063994
5093.5,0.83012548
5094,0.82959883
5094.5,0.82908934
5095,0.82856788
5095.5,0.82803823
5096,0.82750828
5096.5,0.82703113
5097,0.82655735
5097.5,0.8260795
5098,0.82558448
5098.5,0.82506182
5099,0.82453995
5099.5,0.82399503
5100,0.82346775
5100.5,0.82293844
5101,0.82240266
5101.5,0.82184176
5102,0.82130296
5102.5,0.82075513
5103,0.82024771
5103.5,0.81970786
5104,0.81919744
5104.5,0.81870634
5105,0.81819323
5105.5,0.81769717
5106,0.81717652
5106.5,0.81667444
5107,0.81621103
5107.5,0.81574026
5108,0.81528406
5108.5,0.81482368
5109,0.81435884
5109.5,0.81390135
5110,0.81348402
5110.5,0.81307379
5111,0.81265305
5111.5,0.81225202
5112,0.81190296
5112.5,0.81152754
5113,0.81120588
5113.5,0.81092595
5114,0.81067254
5114.5,0.81043001
5115,0.81022886
5115.5,0.81006043
5116,0.80994452
5116.5,0.80982802
5117,0.8097462
5117.5,0.80972554
5118,0.80971952
5118.5,0.80975808
5119,0.80980388
5119.5,0.80988708
5120,0.80998727
5120.5,0.81013066
5121,0.81027124
5121.5,0.81045496
5122,0.81062781
5122.5,0.81082465
5123,0.81106202
5123.5,0.81129529
5124,0.8115404
5124.5,0.811786
5125,0.81202126
5125.5,0.81221996
5126,0.81245966
5126.5,0.81270199
5127,0.81293917
5127.5,0.81315868
5128,0.81336961
5128.5,0.81359639
5129,0.81378478
5129.5,0.81400623
5130,0.81416736
5130.5,0.81429158
5131,0.81447639
5131.5,0.81463097
5132,0.81476223
5132.5,0.81490692
5133,0.81500714
5133.5,0.81512344
5134,0.81522709
5134.5,0.81528237
5135,0.8153299
5135.5,0.8153835
5136,0.81544991
5136.5,0.81548209
5137,0.81546315
5137.5,0.81547278
5138,0.81544773
5138.5,0.81541713
5139,0.81532255
5139.5,0.81521827
5140,0.81515549
5140.5,0.81505117
5141,0.81493601
5141.5,0.81475574
5142,0.81457132
5142.5,0.81438631
5143,0.81418687
5143.5,0.81397425
5144,0.81374229
5144.5,0.81350317
5145,0.8132536
5145.5,0.813024
5146,0.81274383
5146.5,0.81245509
5147,0.81216607
5147.5,0.81188889
5148,0.81161755
5148.5,0.811341
5149,0.81108429
5149.5,0.81082115
5150,0.81056465
5150.5,0.81030472
5151,0.81007223
5151.5,0.80984557
5152,0.80962872
5152.5,0.80944438
5153,0.80926149
5153.5,0.80907564
5154,0.80889144
5154.5,0.80876965
5155,0.80863876
5155.5,0.80853799
5156,0.80844441
5156.5,0.80835968
5157,0.80834425
5157.5,0.8083263
5158,0.80828997
5158.5,0.80830151
5159,0.80834061
5159.5,0.80839244
5160,0.80850684
5160.5,0.80860971
5161,0.80872822
5161.5,0.80894169
5162,0.80910223
5162.5,0.80930158
5163,0.80949918
5163.5,0.8096706
5164,0.80985461
5164.5,0.81007676
5165,0.81028681
5165.5,0.81047766
5166,0.8106876
5166.5,0.81085617
5167,0.81100497
5167.5,0.81111097
5168,0.8112184
5168.5,0.81130782
5169,0.81140919
5169.5,0.81145385
5170,0.81147941
5170.5,0.81148833
5171,0.81148513
5171.5,0.81144227
5172,0.81137447
5172.5,0.81127496
5173,0.81119846
5173.5,0.81111284
5174,0.81097576
5174.5,0.810818
5175,0.81066877
5175.5,0.81054353
5176,0.81041372
5176.5,0.8103124
5177,0.81016457
5177.5,0.81008083
5178,0.80998974
5178.5,0.80993889
5179,0.8098775
5179.5,0.80986224
5180,0.80987007
5180.5,0.80989657
5181,0.80993127
5181.5,0.80994167
5182,0.81002256
5182.5,0.81009365
5183,0.81021241
5183.5,0.81025405
5184,0.810314
5184.5,0.81036743
5185,0.81045668
5185.5,0.8105059
5186,0.810539
5186.5,0.81056288
5187,0.81059955
5187.5,0.8105783
5188,0.81054766
5188.5,0.81051334
5189,0.81047285
5189.5,0.8104329
5190,0.81044475
5190.5,0.81045456
5191,0.81038813
5191.5,0.81032592
5192,0.81022398
5192.5,0.81009219
5193,0.80998732
5193.5,0.80983361
5194,0.80968551
5194.5,0.8095695
5195,0.80938783
5195.5,0.80920002
5196,0.80898543
5196.5,0.80881561
5197,0.80863385
5197.5,0.8084495
5198,0.80820868
5198.5,0.80799588
5199,0.80778943
5199.5,0.80757376
5200,0.80730881
5200.5,0.80708523
5201,0.80682831
5201.5,0.80656319
5202,0.80633237
5202.5,0.8060854
5203,0.80585101
5203.5,0.80554446
5204,0.80527299
5204.5,0.80499499
5205,0.80469396
5205.5,0.80442436
5206,0.80409102
5206.5,0.8037727
5207,0.80347009
5207.5,0.8031406
5208,0.80285963
5208.5,0.80254962
5209,0.80218943
5209.5,0.80177696
5210,0.80143331
5210.5,0.80111979
5211,0.80079549
5211.5,0.80045523
5212,0.80012109
5212.5,0.79985009
5213,0.79958854
5213.5,0.79934843
5214,0.79912043
5214.5,0.79887738
5215,0.79867576
5215.5,0.79846389
5216,0.79821244
5216.5,0.79805744
5217,0.79785713
5217.5,0.79766857
5218,0.79747897
5218.5,0.79733498
5219,0.79717593
5219.5,0.79703622
5220,0.79694195
5220.5,0.79688624
5221,0.79680231
5221.5,0.79674746
5222,0.79671575
5222.5,0.7966699
5223,0.79665502
5223.5,0.79665144
5224,0.79664526
5224.5,0.79666687
5225,0.79663867
5225.5,0.79663002
5226,0.79662574
5226.5,0.79658164
5227,0.7965258
5227.5,0.79642506
5228,0.79630645
5228.5,0.79619577
5229,0.79604896
5229.5,0.79588501
5230,0.79567915
5230.5,0.79553043
5231,0.7953142
5231.5,0.79507488
5232,0.79480879
5232.5,0.79455567
5233,0.79427797
5233.5,0.79402803
5234,0.79369961
5234.5,0.7934033
5235,0.79308305
5235.5,0.79273817
5236,0.792407
5236.5,0.79207473
5237,0.79170818
5237.5,0.79133834
5238,0.79100748
5238.5,0.79066486
5239,0.79037979
5239.5,0.79010026
5240,0.78982358
5240.5,0.78960424
5241,0.78942707
5241.5,0.78929061
5242,0.78913266
5242.5,0.78903875
5243,0.78896432
5243.5,0.78895012
5244,0.78896577
5244.5,0.78901626
5245,0.78911737
5245.5,0.78924019
5246,0.78940917
5246.5,0.78962065
5247,0.78984983
5247.5,0.79016195
5248,0.79051498
5248.5,0.79087974
5249,0.79129895
5249.5,0.79175354
5250,0.79223005
5250.5,0.79276907
5251,0.79339987
5251.5,0.79402042
5252,0.79466708
5252.5,0.79533689
5253,0.79607105
5253.5,0.79679145
5254,0.79758724
5254.5,0.79840539
5255,0.79926207
5255.5,0.80015955
5256,0.80107936
5256.5,0.8020037
5257,0.80294441
5257.5,0.80394374
5258,0.80496061
5258.5,0.8059248
5259,0.80693061
5259.5,0.80796458
5260,0.80895724
5260.5,0.80996513
5261,0.81092395
5261.5,0.81189101
5262,0.81281963
5262.5,0.81376496
5263,0.81460764
5263.5,0.81543291
5264,0.816202
5264.5,0.81693947
5265,0.81759032
5265.5,0.81817161
5266,0.81870749
5266.5,0.81914159
5267,0.81950913
5267.5,0.81983792
5268,0.82010233
5268.5,0.82029959
5269,0.82037849
5269.5,0.82040809
5270,0.82039899
5270.5,0.82032062
5271,0.82016059
5271.5,0.81992082
5272,0.8196655
5272.5,0.81932562
5273,0.81891566
5273.5,0.81843753
5274,0.81793685
5274.5,0.81735547
5275,0.81672091
5275.5,0.81604653
5276,0.81531063
5276.5,0.81458344
5277,0.81378308
5277.5,0.8129413
5278,0.81210163
5278.5,0.81124594
5279,0.81036404
5279.5,0.80945718
5280,0.8085535
5280.5,0.80763882
5281,0.80673066
5281.5,0.80577511
5282,0.80478265
5282.5,0.80387314
5283,0.80294242
5283.5,0.80200059
5284,0.80103566
5284.5,0.80012334
5285,0.79921775
5285.5,0.79832235
5286,0.797418
5286.5,0.79654656
5287,0.79568261
5287.5,0.79487738
5288,0.79404289
5288.5,0.79327232
5289,0.79255456
5289.5,0.7918985
5290,0.79122906
5290.5,0.79058174
5291,0.78999801
5291.5,0.78946027
5292,0.78894307
5292.5,0.78846466
5293,0.78797974
5293.5,0.78757575
5294,0.78722071
5294.5,0.78683124
5295,0.78655113
5295.5,0.78624024
5296,0.78592652
5296.5,0.78567425
5297,0.78549723
5297.5,0.78529726
5298,0.78509828
5298.5,0.78495075
5299,0.78480184
5299.5,0.78462872
5300,0.78449671
5300.5,0.78436698
5301,0.78427926
5301.5,0.78418634
5302,0.78407795
5302.5,0.78398629
5303,0.78392796
5303.5,0.78386705
5304,0.78386064
5304.5,0.7838418
5305,0.78383179
5305.5,0.78384178
5306,0.7838686
5306.5,0.78392603
5307,0.78397928
5307.5,0.78405806
5308,0.78419502
5308.5,0.78427579
5309,0.7844252
5309.5,0.78457502
5310,0.78477708
5310.5,0.7849957
5311,0.78523026
5311.5,0.78547882
5312,0.78570727
5312.5,0.78598412
5313,0.78625583
5313.5,0.78656662
5314,0.78684884
5314.5,0.78715899
5315,0.78750171
5315.5,0.7878637
5316,0.788187
5316.5,0.78850554
5317,0.7888143
5317.5,0.78915059
5318,0.78949849
5318.5,0.78984959
5319,0.79017421
5319.5,0.79050966
5320,0.79083814
5320.5,0.79110641
5321,0.79137045
5321.5,0.79166115
5322,0.79195875
5322.5,0.79222502
5323,0.79248848
5323.5,0.79272146
5324,0.79291768
5324.5,0.79313875
5325,0.79329573
5325.5,0.79347777
5326,0.79359535
5326.5,0.79368045
5327,0.79373575
5327.5,0.79375746
5328,0.793744
5328.5,0.79369008
5329,0.79362495
5329.5,0.79351063
5330,0.79336289
5330.5,0.79320009
5331,0.79302302
5331.5,0.79281508
5332,0.79256486
5332.5,0.7923095
5333,0.79203247
5333.5,0.79175823
5334,0.79146244
5334.5,0.79114589
5335,0.79079921
5335.5,0.79045477
5336,0.79012164
5336.5,0.78975519
5337,0.78935875
5337.5,0.78892718
5338,0.78851592
5338.5,0.78806419
5339,0.78762472
5339.5,0.78713898
5340,0.78665838
5340.5,0.78614093
5341,0.78561777
5341.5,0.78505786
5342,0.78448494
5342.5,0.78390439
5343,0.78330996
5343.5,0.78275902
5344,0.78218501
5344.5,0.78163271
5345,0.78107048
5345.5,0.78048141
5346,0.77991073
5346.5,0.77936688
5347,0.77876883
5347.5,0.77818997
5348,0.77764814
5348.5,0.77708388
5349,0.77653129
5349.5,0.77602354
5350,0.7755295
5350.5,0.77507247
5351,0.77462474
5351.5,0.77414861
5352,0.77370753
5352.5,0.77329121
5353,0.77288717
5353.5,0.77250788
5354,0.77216024
5354.5,0.77181709
5355,0.77152978
5355.5,0.77126472
5356,0.77104582
5356.5,0.77081588
5357,0.77068301
5357.5,0.7705
5358,0.77037669
5358.5,0.77027964
5359,0.77024384
5359.5,0.77021498
5360,0.77022601
5360.5,0.77022588
5361,0.77024226
5361.5,0.77028215
5362,0.77031552
5362.5,0.77040322
5363,0.77047114
5363.5,0.77056161
5364,0.77058743
5364.5,0.77064809
5365,0.77071128
5365.5,0.77076015
5366,0.77082313
5366.5,0.77086745
5367,0.77093091
5367.5,0.77094736
5368,0.77093615
5368.5,0.77090067
5369,0.7708342
5369.5,0.7707636
5370,0.77069275
5370.5,0.7705855
5371,0.77043859
5371.5,0.77030574
5372,0.77010806
5372.5,0.76990692
5373,0.76975338
5373.5,0.76957662
5374,0.76941748
5374.5,0.76922482
5375,0.76900675
5375.5,0.76882859
5376,0.76865213
5376.5,0.76850597
5377,0.76834145
5377.5,0.7681569
5378,0.76800597
5378.5,0.76787284
5379,0.76773714
5379.5,0.76760688
5380,0.76752692
5380.5,0.7674189
5381,0.7673373
5381.5,0.76728993
5382,0.76726157
5382.5,0.76719153
5383,0.76716331
5383.5,0.76714178
5384,0.76713498
5384.5,0.76715777
5385,0.76719584
5385.5,0.76725631
5386,0.76732036
5386.5,0.76742492
5387,0.76755292
5387.5,0.76769116
5388,0.76787195
5388.5,0.76802623
5389,0.76824285
5389.5,0.76843574
5390,0.76865445
5390.5,0.76891513
5391,0.76915433
5391.5,0.76941292
5392,0.76971074
5392.5,0.7699818
5393,0.77030287
5393.5,0.77060566
5394,0.77090159
5394.5,0.77118072
5395,0.77145858
5395.5,0.77173065
5396,0.77206237
5396.5,0.77232726
5397,0.7725903
5397.5,0.77287219
5398,0.77313813
5398.5,0.77340166
5399,0.77367717
5399.5,0.77392716
5400,0.77414349
5400.5,0.77435257
5401,0.7745741
5401.5,0.7747672
5402,0.77493669
5402.5,0.77507344
5403,0.77518559
5403.5,0.7753011
5404,0.77539918
5404.5,0.77544838
5405,0.77542139
5405.5,0.77540239
5406,0.77534007
5406.5,0.77528956
5407,0.77518852
5407.5,0.77503558
5408,0.77486112
5408.5,0.77465476
5409,0.77444217
5409.5,0.77419952
5410,0.77391627
5410.5,0.77361831
5411,0.77333425
5411.5,0.77306296
5412,0.77271702
5412.5,0.77237512
5413,0.77202796
5413.5,0.77168524
5414,0.77134375
5414.5,0.77097081
5415,0.77062203
5415.5,0.77021984
5416,0.76986119
5416.5,0.76948032
5417,0.76910929
5417.5,0.7687398
5418,0.76835144
5418.5,0.7679566
5419,0.76759328
5419.5,0.76721434
5420,0.76686661
5420.5,0.76652049
5421,0.7661871
5421.5,0.76584819
5422,0.76548675
5422.5,0.76515642
5423,0.76484683
5423.5,0.76456984
5424,0.76424221
5424.5,0.76390228
5425,0.76357394
5425.5,0.76323813
5426,0.76296577
5426.5,0.76266241
5427,0.76233987
5427.5,0.7620432
5428,0.76174621
5428.5,0.7614351
5429,0.76111064
5429.5,0.76080862
5430,0.76051027
5430.5,0.76020917
5431,0.75992027
5431.5,0.75963024
5432,0.75934588
5432.5,0.75906143
5433,0.75873903
5433.5,0.75843305
5434,0.75814544
5434.5,0.75784304
5435,0.75754899
5435.5,0.75726332
5436,0.75699865
5436.5,0.75671668
5437,0.75644415
5437.5,0.75617804
5438,0.75592581
5438.5,0.75565903
5439,0.75541755
5439.5,0.75520388
5440,0.754986
5440.5,0.75476622
5441,0.75457231
5441.5,0.75439736
5442,0.75420669
5442.5,0.7540247
5443,0.75387363
5443.5,0.75374374
5444,0.75358288
5444.5,0.75344777
5445,0.75332521
5445.5,0.75315993
5446,0.7530476
5446.5,0.75293818
5447,0.75278138
5447.5,0.75262605
5448,0.75247528
5448.5,0.75233025
5449,0.75214666
5449.5,0.75199508
5450,0.75184005
5450.5,0.75168689
5451,0.75153625
5451.5,0.75138052
5452,0.75124135
5452.5,0.75109859
5453,0.75096987
5453.5,0.75085306
5454,0.75074085
5454.5,0.75060306
5455,0.75045137
5455.5,0.75034218
5456,0.75023512
5456.5,0.75009696
5457,0.7499806
5457.5,0.74985131
5458,0.74972676
5458.5,0.74962508
5459,0.74951191
5459.5,0.74941362
5460,0.74930944
5460.5,0.74921255
5461,0.74910979
5461.5,0.74904094
5462,0.74897188
5462.5,0.7488906
5463,0.74880985
5463.5,0.74876535
5464,0.74873696
5464.5,0.74866153
5465,0.74860695
5465.5,0.74854599
5466,0.74853593
5466.5,0.7485107
5467,0.74844528
5467.5,0.7484158
5468,0.7483916
5468.5,0.74837802
5469,0.74836025
5469.5,0.74835881
5470,0.74835252
5470.5,0.7483512
5471,0.74837881
5471.5,0.7484034
5472,0.74841364
5472.5,0.74840199
5473,0.74843552
5473.5,0.7484113
5474,0.74840028
5474.5,0.74843903
5475,0.74843069
5475.5,0.74840316
5476,0.74836653
5476.5,0.74832928
5477,0.74821585
5477.5,0.74812878
5478,0.74806417
5478.5,0.74794988
5479,0.74784024
5479.5,0.74772051
5480,0.74760719
5480.5,0.74743954
5481,0.74729256
5481.5,0.74711529
5482,0.74695975
5482.5,0.74678474
5483,0.7466175
5483.5,0.74645077
5484,0.74629201
5484.5,0.74613342
5485,0.74598542
5485.5,0.74582152
5486,0.74567223
5486.5,0.74551246
5487,0.7453804
5487.5,0.74524959
5488,0.74507417
5488.5,0.74495204
5489,0.74483295
5489.5,0.74473293
5490,0.74464837
5490.5,0.74458253
5491,0.74447797
5491.5,0.74440413
5492,0.74435865
5492.5,0.74429555
5493,0.74427092
5493.5,0.74423936
5494,0.74421933
5494.5,0.74419605
5495,0.74417527
5495.5,0.74417859
5496,0.74414961
5496.5,0.74417797
5497,0.74418409
5497.5,0.74425041
5498,0.74428918
5498.5,0.74432302
5499,0.74436934
5499.5,0.74441304
5500,0.7444663
5500.5,0.74450579
5501,0.74455371
5501.5,0.74459231
5502,0.74464756
5502.5,0.74470767
5503,0.74475928
5503.5,0.74480176
5504,0.74483809
5504.5,0.74485971
5505,0.74488635
5505.5,0.7449156
5506,0.74491716
5506.5,0.74491709
5507,0.74493342
5507.5,0.74495268
5508,0.74493927
5508.5,0.74494772
5509,0.74495881
5509.5,0.74495101
5510,0.7449477
5510.5,0.74494646
5511,0.74494333
5511.5,0.74494381
5512,0.74495647
5512.5,0.74492392
5513,0.74489521
5513.5,0.74488571
5514,0.74483123
5514.5,0.74481882
5515,0.74480551
5515.5,0.74477884
5516,0.74478314
5516.5,0.74477255
5517,0.74479079
5517.5,0.74478699
5518,0.74482537
5518.5,0.74486654
5519,0.744936
5519.5,0.74500647
5520,0.74506966
5520.5,0.74515179
5521,0.74524238
5521.5,0.74531503
5522,0.74539737
5522.5,0.74546694
5523,0.74555772
5523.5,0.74569291
5524,0.74580069
5524.5,0.74591305
5525,0.74602798
5525.5,0.74612057
5526,0.74621269
5526.5,0.7462895
5527,0.74633301
5527.5,0.74638817
5528,0.7464267
5528.5,0.74642233
5529,0.74641812
5529.5,0.74641755
5530,0.74635742
5530.5,0.74626845
5531,0.74624158
5531.5,0.74617116
5532,0.74607928
5532.5,0.74593749
5533,0.74582052
5533.5,0.74569028
5534,0.74553736
5534.5,0.745382
5535,0.74523377
5535.5,0.74508808
5536,0.74495701
5536.5,0.74478719
5537,0.74460789
5537.5,0.74439475
5538,0.74422608
5538.5,0.74405481
5539,0.74382875
5539.5,0.74363761
5540,0.74346733
5540.5,0.74331065
5541,0.74313664
5541.5,0.74297964
5542,0.74280103
5542.5,0.74260761
5543,0.74243492
5543.5,0.74229609
5544,0.74217833
5544.5,0.74200151
5545,0.7418814
5545.5,0.74176762
5546,0.74162701
5546.5,0.74154788
5547,0.74142755
5547.5,0.7413527
5548,0.74132637
5548.5,0.74126047
5549,0.74123703
5549.5,0.74118781
5550,0.74120931
5550.5,0.74119826
5551,0.74121727
5551.5,0.74126816
5552,0.74132675
5552.5,0.74138809
5553,0.74146918
5553.5,0.74155879
5554,0.74170254
5554.5,0.74183678
5555,0.74195749
5555.5,0.74209616
5556,0.74226816
5556.5,0.74245775
5557,0.74263665
5557.5,0.7428227
5558,0.74306335
5558.5,0.74330151
5559,0.74354277
5559.5,0.74378549
5560,0.74403235
5560.5,0.74428804
5561,0.74455798
5561.5,0.74479487
5562,0.74509156
5562.5,0.74537735
5563,0.74568616
5563.5,0.74596778
5564,0.74624209
5564.5,0.74654791
5565,0.74687045
5565.5,0.74714929
5566,0.74743937
5566.5,0.74773565
5567,0.74801555
5567.5,0.74829495
5568,0.74858605
5568.5,0.74885602
5569,0.74910907
5569.5,0.74938773
5570,0.7496409
5570.5,0.7499106
5571,0.75021381
5571.5,0.75047069
5572,0.7507235
5572.5,0.75096446
5573,0.75124126
5573.5,0.75149604
5574,0.75176263
5574.5,0.75202496
5575,0.75229813
5575.5,0.75256237
5576,0.75281646
5576.5,0.75304284
5577,0.75333822
5577.5,0.75358896
5578,0.75390551
5578.5,0.75418768
5579,0.75450497
5579.5,0.75481579
5580,0.75513158
5580.5,0.75549636
5581,0.75584106
5581.5,0.75620827
5582,0.75657096
5582.5,0.75691655
5583,0.75730053
5583.5,0.75765567
5584,0.7580508
5584.5,0.75841887
5585,0.75876845
5585.5,0.75910362
5586,0.75945113
5586.5,0.7597325
5587,0.7599968
5587.5,0.76027766
5588,0.76051046
5588.5,0.76074689
5589,0.7609195
5589.5,0.7610645
5590,0.76119915
5590.5,0.7612911
5591,0.76137
5591.5,0.76144382
5592,0.76148607
5592.5,0.76147962
5593,0.76144555
5593.5,0.76141385
5594,0.76135034
5594.5,0.76122273
5595,0.76108264
5595.5,0.76091566
5596,0.76074712
5596.5,0.76052263
5597,0.76030306
5597.5,0.76004064
5598,0.75976746
5598.5,0.75949871
5599,0.75914385
5599.5,0.7588079
5600,0.75845527
5600.5,0.75809384
5601,0.75772374
5601.5,0.75728896
5602,0.75684826
5602.5,0.7563751
5603,0.7559156
5603.5,0.75542295
5604,0.7549288
5604.5,0.75441439
5605,0.75397379
5605.5,0.75347124
5606,0.7529702
5606.5,0.7524699
5607,0.75194811
5607.5,0.75147418
5608,0.75099205
5608.5,0.75056695
5609,0.75015458
5609.5,0.74977214
5610,0.74938598
5610.5,0.74904533
5611,0.748688
5611.5,0.74832271
5612,0.74795731
5612.5,0.74764961
5613,0.74736514
5613.5,0.74706446
5614,0.7467953
5614.5,0.74651999
5615,0.74625005
5615.5,0.7459971
5616,0.74572871
5616.5,0.745456
5617,0.74517379
5617.5,0.74493205
5618,0.74469642
5618.5,0.74445043
5619,0.74418398
5619.5,0.74396907
5620,0.74373236
5620.5,0.74350264
5621,0.74326149
5621.5,0.74303844
5622,0.74281121
5622.5,0.74257933
5623,0.7423866
5623.5,0.74220223
5624,0.74201921
5624.5,0.74180835
5625,0.74161761
5625.5,0.74141157
5626,0.7412237
5626.5,0.74107703
5627,0.74091236
5627.5,0.74075424
5628,0.74062828
5628.5,0.74053527
5629,0.7404311
5629.5,0.74032372
5630,0.74024809
5630.5,0.74017582
5631,0.74012054
5631.5,0.74008449
5632,0.74006868
5632.5,0.74007086
5633,0.74008829
5633.5,0.74010719
5634,0.74014841
5634.5,0.74016479
5635,0.74028435
5635.5,0.74036201
5636,0.74044233
5636.5,0.74054031
5637,0.74063518
5637.5,0.74072444
5638,0.7408604
5638.5,0.74098444
5639,0.74107927
5639.5,0.74119918
5640,0.74133835
5640.5,0.74152445
5641,0.74170349
5641.5,0.7418862
5642,0.74206284
5642.5,0.74225537
5643,0.74243093
5643.5,0.74263218
5644,0.74282298
5644.5,0.74303668
5645,0.74324102
5645.5,0.74350795
5646,0.74375338
5646.5,0.74400447
5647,0.74428472
5647.5,0.74457976
5648,0.744853
5648.5,0.74515807
5649,0.74545487
5649.5,0.74577353
5650,0.7460869
5650.5,0.74642065
5651,0.74673823
5651.5,0.74706721
5652,0.74739704
5652.5,0.7477277
5653,0.74805792
5653.5,0.74840849
5654,0.74872939
5654.5,0.74899694
5655,0.74932181
5655.5,0.74963046
5656,0.74989429
5656.5,0.75013505
5657,0.75040076
5657.5,0.7506213
5658,0.75080313
5658.5,0.75100256
5659,0.75116424
5659.5,0.75129652
5660,0.75142716
5660.5,0.75152919
5661,0.75158851
5661.5,0.75163746
5662,0.75163727
5662.5,0.75164507
5663,0.75163297
5663.5,0.75160102
5664,0.75153134
5664.5,0.75146391
5665,0.75137719
5665.5,0.751279
5666,0.75117578
5666.5,0.75106595
5667,0.75096954
5667.5,0.7508776
5668,0.7507673
5668.5,0.75067629
5669,0.75056646
5669.5,0.75045525
5670,0.75036851
5670.5,0.75031956
5671,0.75027423
5671.5,0.75024321
5672,0.75022104
5672.5,0.75023563
5673,0.75024036
5673.5,0.75024577
5674,0.75026997
5674.5,0.75029805
5675,0.7503849
5675.5,0.75046259
5676,0.75057031
5676.5,0.75073521
5677,0.75088118
5677.5,0.75106545
5678,0.75121781
5678.5,0.75142167
5679,0.75162342
5679.5,0.75183154
5680,0.75206602
5680.5,0.75230084
5681,0.75254913
5681.5,0.75278756
5682,0.75307749
5682.5,0.75338411
5683,0.75371281
5683.5,0.75404614
5684,0.75431161
5684.5,0.75466027
5685,0.7549504
5685.5,0.7552736
5686,0.75558138
5686.5,0.75590889
5687,0.75621377
5687.5,0.75650143
5688,0.75680922
5688.5,0.75715802
5689,0.757517
5689.5,0.75785568
5690,0.75816692
5690.5,0.75850085
5691,0.75885251
5691.5,0.75920715
5692,0.75953995
5692.5,0.75992018
5693,0.76024583
5693.5,0.76067475
5694,0.76111574
5694.5,0.76153106
5695,0.76195624
5695.5,0.7624268
5696,0.76289685
5696.5,0.76335311
5697,0.76386459
5697.5,0.76436532
5698,0.76484622
5698.5,0.76540511
5699,0.76592845
5699.5,0.76650755
5700,0.76709189
5700.5,0.76769787
5701,0.76831353
5701.5,0.76890318
5702,0.76950922
5702.5,0.77012429
5703,0.7707043
5703.5,0.7712352
5704,0.7718619
5704.5,0.77244299
5705,0.7730488
5705.5,0.77366375
5706,0.7742467
5706.5,0.77480374
5707,0.77535453
5707.5,0.77592093
5708,0.7764841
5708.5,0.77699186
5709,0.7775069
5709.5,0.7780308
5710,0.77856032
5710.5,0.77900518
5711,0.77946338
5711.5,0.77991453
5712,0.78031619
5712.5,0.78076751
5713,0.78122403
5713.5,0.78163943
5714,0.782055
5714.5,0.78247666
5715,0.78290206
5715.5,0.78334924
5716,0.78379447
5716.5,0.78429939
5717,0.78478003
5717.5,0.78529358
5718,0.785785
5718.5,0.78630577
5719,0.78687626
5719.5,0.78747354
5720,0.78808343
5720.5,0.7887395
5721,0.78943232
5721.5,0.79014374
5722,0.79090346
5722.5,0.79175104
5723,0.79259133
5723.5,0.79346414
5724,0.79439734
5724.5,0.79532315
5725,0.79628869
5725.5,0.79728719
5726,0.79841476
5726.5,0.7995577
5727,0.80071683
5727.5,0.80196106
5728,0.8032667
5728.5,0.80459175
5729,0.80596717
5729.5,0.80741527
5730,0.80887281
5730.5,0.81038673
5731,0.81192974
5731.5,0.81355727
5732,0.81522301
5732.5,0.81692715
5733,0.81870054
5733.5,0.82050848
5734,0.82232088
5734.5,0.8242249
5735,0.82614355
5735.5,0.82813075
5736,0.83014828
5736.5,0.83217957
5737,0.83428956
5737.5,0.83641455
5738,0.83861166
5738.5,0.84083494
5739,0.84307567
5739.5,0.84532443
5740,0.84758541
5740.5,0.84992539
5741,0.85233819
5741.5,0.85472762
5742,0.85719947
5742.5,0.85964605
5743,0.86214016
5743.5,0.86465177
5744,0.86714793
5744.5,0.869754
5745,0.87231915
5745.5,0.87494221
5746,0.87757956
5746.5,0.88021253
5747,0.88281418
5747.5,0.88543032
5748,0.88810062
5748.5,0.89072419
5749,0.89339437
5749.5,0.89606111
5750,0.89876186
5750.5,0.90153489
5751,0.90422992
5751.5,0.90691214
5752,0.90967191
5752.5,0.91236821
5753,0.91506857
5753.5,0.91782105
5754,0.92056011
5754.5,0.92331864
5755,0.92609071
5755.5,0.92881144
5756,0.93145946
5756.5,0.93419818
5757,0.9368614
5757.5,0.93958825
5758,0.94231262
5758.5,0.94500107
5759,0.94769328
5759.5,0.95036714
5760,0.95305849
5760.5,0.95571876
5761,0.95840242
5761.5,0.96109026
5762,0.96380465
5762.5,0.96641246
5763,0.96911276
5763.5,0.97174781
5764,0.97447533
5764.5,0.97711406
5765,0.97975849
5765.5,0.98239922
5766,0.9850253
5766.5,0.98771501
5767,0.99039915
5767.5,0.99308176
5768,0.99566908
5768.5,0.99839577
5769,1.0011183
5769.5,1.0037952
5770,1.0065222
5770.5,1.0092037
5771,1.0119002
5771.5,1.0145602
5772,1.0172238
5772.5,1.019849
5773,1.0224665
5773.5,1.0250998
5774,1.0277931
5774.5,1.0304749
5775,1.0330788
5775.5,1.0357268
5776,1.0383347
5776.5,1.0409944
5777,1.0436797
5777.5,1.0463083
5778,1.0489111
5778.5,1.0515778
5779,1.0542132
5779.5,1.0568097
5780,1.0594486
5780.5,1.0620769
5781,1.0646951
5781.5,1.0673073
5782,1.0699148
5782.5,1.0724986
5783,1.0750891
5783.5,1.077686
5784,1.0802656
5784.5,1.0828951
5785,1.0854825
5785.5,1.0880781
5786,1.090681
5786.5,1.0932261
5787,1.0958753
5787.5,1.0984814
5788,1.1010967
5788.5,1.1037208
5789,1.1063539
5789.5,1.10891
5790,1.1114362
5790.5,1.1139071
5791,1.1164467
5791.5,1.1189664
5792,1.1214653
5792.5,1.1240153
5793,1.1265758
5793.5,1.1291781
5794,1.1317375
5794.5,1.1344084
5795,1.1369471
5795.5,1.1394103
5796,1.1420099
5796.5,1.1445512
5797,1.1471243
5797.5,1.1496871
5798,1.1521824
5798.5,1.1547235
5799,1.157286
5799.5,1.15988
5800,1.1624312
