7520,5.6875287
7520.5,5.6685716
7521,5.6503122
7521.5,5.6370716
7522,5.6176434
7522.5,5.6022754
7523,5.5832394
7523.5,5.5652882
7524,5.5445928
7524.5,5.53109
7525,5.5132181
7525.5,5.495586
7526,5.4755887
7526.5,5.4627981
7527,5.4458944
7527.5,5.4265516
7528,5.4093372
7528.5,5.3964246
7529,5.3817481
7529.5,5.3657029
7530,5.349471
7530.5,5.3280106
7531,5.3130729
7531.5,5.295005
7532,5.2775412
7532.5,5.2582389
7533,5.2398203
7533.5,5.221036
7534,5.2048608
7534.5,5.1903088
7535,5.1763801
7535.5,5.1627314
7536,5.1398987
7536.5,5.1246306
7537,5.108385
7537.5,5.0938677
7538,5.078284
7538.5,5.061515
7539,5.0465918
7539.5,5.0294046
7540,5.0124445
7540.5,4.9942726
7541,4.9787848
7541.5,4.9579828
7542,4.9405362
7542.5,4.9245631
7543,4.9078391
7543.5,4.8937494
7544,4.8735349
7544.5,4.8571101
7545,4.8405142
7545.5,4.8244712
7546,4.8100588
7546.5,4.793253
7547,4.7713611
7547.5,4.7552927
7548,4.7398415
7548.5,4.7242495
7549,4.7088009
7549.5,4.690779
7550,4.6778264
7550.5,4.6600029
7551,4.6430884
7551.5,4.6255073
7552,4.6121474
7552.5,4.5944113
7553,4.5770275
7553.5,4.5582569
7554,4.5393085
7554.5,4.5202814
7555,4.5033786
7555.5,4.4872063
7556,4.4705004
7556.5,4.4528369
7557,4.4386333
7557.5,4.4219572
7558,4.4050608
7558.5,4.3918886
7559,4.3729055
7559.5,4.3588596
7560,4.34138
7560.5,4.3247209
7561,4.3065583
7561.5,4.2890603
7562,4.2683421
7562.5,4.2519734
7563,4.2351965
7563.5,4.2205532
7564,4.2032005
7564.5,4.1873012
7565,4.1694139
7565.5,4.1525419
7566,4.1355138
7566.5,4.1197462
7567,4.1049738
7567.5,4.086964
7568,4.0704585
7568.5,4.0583534
7569,4.0419493
7569.5,4.0245365
7570,4.0070419
7570.5,3.9915818
7571,3.978504
7571.5,3.9635909
7572,3.9471247
7572.5,3.9322717
7573,3.9158168
7573.5,3.9002478
7574,3.8877363
7574.5,3.8682885
7575,3.8496123
7575.5,3.8330918
7576,3.814487
7576.5,3.7966049
7577,3.7852731
7577.5,3.7677946
7578,3.7515452
7578.5,3.7337419
7579,3.7185857
7579.5,3.7025126
7580,3.6867607
7580.5,3.6722044
7581,3.6577064
7581.5,3.6415794
7582,3.625368
7582.5,3.6105218
7583,3.5974305
7583.5,3.5826491
7584,3.5640159
7584.5,3.5465007
7585,3.5322342
7585.5,3.5158079
7586,3.5026401
7586.5,3.4850877
7587,3.4720892
7587.5,3.455617
7588,3.4397199
7588.5,3.4239766
7589,3.4079328
7589.5,3.3947402
7590,3.3795766
7590.5,3.366444
7591,3.3520719
7591.5,3.3383477
7592,3.3250038
7592.5,3.3105642
7593,3.2975527
7593.5,3.283624
7594,3.2719283
7594.5,3.2602648
7595,3.24584
7595.5,3.2339203
7596,3.2199699
7596.5,3.2075265
7597,3.1941019
7597.5,3.1799229
7598,3.1689721
7598.5,3.1549993
7599,3.1426885
7599.5,3.1294476
7600,3.1151618
7600.5,3.0999948
7601,3.0876632
7601.5,3.0744403
7602,3.0618357
7602.5,3.0493873
7603,3.0378416
7603.5,3.0262431
7604,3.0155182
7604.5,3.0048782
7605,2.9902192
7605.5,2.9772438
7606,2.9660719
7606.5,2.9536017
7607,2.9422737
7607.5,2.9315172
7608,2.9183836
7608.5,2.9072119
7609,2.8956899
7609.5,2.8845873
7610,2.872888
7610.5,2.8616281
7611,2.8504032
7611.5,2.8392774
7612,2.8285923
7612.5,2.8177755
7613,2.8063576
7613.5,2.7985843
7614,2.7878426
7614.5,2.7771722
7615,2.7635042
7615.5,2.7529719
7616,2.7425109
7616.5,2.7319024
7617,2.7218002
7617.5,2.7074996
7618,2.7003134
7618.5,2.6907006
7619,2.6807444
7619.5,2.6715427
7620,2.6611168
7620.5,2.6501771
7621,2.6413933
7621.5,2.6319664
7622,2.6203419
7622.5,2.6093809
7623,2.5979767
7623.5,2.587224
7624,2.5781447
7624.5,2.5690462
7625,2.5573785
7625.5,2.5476959
7626,2.5380814
7626.5,2.5285912
7627,2.5190513
7627.5,2.5096022
7628,2.4997136
7628.5,2.488767
7629,2.4803544
7629.5,2.4696173
7630,2.4601237
7630.5,2.4506157
7631,2.4410901
7631.5,2.4315443
7632,2.4231632
7632.5,2.4152645
7633,2.4062731
7633.5,2.3966984
7634,2.3864404
7634.5,2.3761466
7635,2.3647133
7635.5,2.3554461
7636,2.3450369
7636.5,2.3358207
7637,2.3262648
7637.5,2.3179723
7638,2.3092805
7638.5,2.3006196
7639,2.2919883
7639.5,2.2835142
7640,2.2753199
7640.5,2.267454
7641,2.2599182
7641.5,2.2507288
7642,2.2425279
7642.5,2.2357031
7643,2.2270478
7643.5,2.2196439
7644,2.2122443
7644.5,2.2048478
7645,2.1971346
7645.5,2.1895336
7646,2.1773189
7646.5,2.1698129
7647,2.1608978
7647.5,2.1548062
7648,2.1471963
7648.5,2.1380019
7649,2.1304208
7649.5,2.1221505
7650,2.1139422
7650.5,2.1059121
7651,2.0982747
7651.5,2.0894006
7652,2.0824886
7652.5,2.0755368
7653,2.0678282
7653.5,2.0602044
7654,2.0526151
7654.5,2.0446284
7655,2.036294
7655.5,2.0280376
7656,2.019893
7656.5,2.0119433
7657,2.003408
7657.5,1.9960865
7658,1.9880877
7658.5,1.9802824
7659,1.9720874
7659.5,1.9642754
7660,1.9559147
7660.5,1.9475822
7661,1.9400435
7661.5,1.9309318
7662,1.9227603
7662.5,1.9156091
7663,1.9061771
7663.5,1.8981433
7664,1.8900964
7664.5,1.8825897
7665,1.8750973
7665.5,1.8674236
7666,1.8588279
7666.5,1.850312
7667,1.8427349
7667.5,1.8354365
7668,1.8277353
7668.5,1.8205705
7669,1.8126485
7669.5,1.804654
7670,1.7962185
7670.5,1.7889903
7671,1.7793535
7671.5,1.7733416
7672,1.7662026
7672.5,1.7591616
7673,1.7513485
7673.5,1.7432957
7674,1.7361794
7674.5,1.7287393
7675,1.7212529
7675.5,1.7133662
7676,1.7064725
7676.5,1.6991569
7677,1.6920896
7677.5,1.6849096
7678,1.6778025
7678.5,1.6706759
7679,1.6637128
7679.5,1.6565555
7680,1.6498535
7680.5,1.6434782
7681,1.6367284
7681.5,1.6299845
7682,1.6236169
7682.5,1.6164672
7683,1.6098297
7683.5,1.6024432
7684,1.5959117
7684.5,1.5897988
7685,1.582996
7685.5,1.5763768
7686,1.5703401
7686.5,1.5637983
7687,1.5571448
7687.5,1.5518321
7688,1.5456102
7688.5,1.5397311
7689,1.5335461
7689.5,1.5279446
7690,1.5227356
7690.5,1.5167679
7691,1.5107359
7691.5,1.5048991
7692,1.4988161
7692.5,1.4927609
7693,1.4863292
7693.5,1.480865
7694,1.4750086
7694.5,1.4693729
7695,1.4634452
7695.5,1.458131
7696,1.4520653
7696.5,1.44646
7697,1.4406688
7697.5,1.4350525
7698,1.429964
7698.5,1.4244884
7699,1.4189012
7699.5,1.4136996
7700,1.4091092
7700.5,1.4039567
7701,1.3983942
7701.5,1.3934201
7702,1.3884667
7702.5,1.3829669
7703,1.378131
7703.5,1.373806
7704,1.3688071
7704.5,1.364241
7705,1.3596662
7705.5,1.3553313
7706,1.3507395
7706.5,1.3460523
7707,1.3418583
7707.5,1.3375564
7708,1.3334628
7708.5,1.3293569
7709,1.3252908
7709.5,1.3210424
7710,1.3172869
7710.5,1.3135175
7711,1.3097366
7711.5,1.3061559
7712,1.3027354
7712.5,1.2988364
7713,1.2957467
7713.5,1.2923031
7714,1.2888863
7714.5,1.2859235
7715,1.2828351
7715.5,1.2800053
7716,1.2773407
7716.5,1.2744833
7717,1.272204
7717.5,1.2694942
7718,1.2669936
7718.5,1.2644917
7719,1.2621886
7719.5,1.2600362
7720,1.2577632
7720.5,1.2552421
7721,1.2534181
7721.5,1.2513506
7722,1.2494995
7722.5,1.2477608
7723,1.2459915
7723.5,1.2441839
7724,1.2426126
7724.5,1.241017
7725,1.2396093
7725.5,1.2381581
7726,1.2367245
7726.5,1.2352883
7727,1.234299
7727.5,1.2330246
7728,1.2315701
7728.5,1.2303615
7729,1.2291741
7729.5,1.2283783
7730,1.2273914
7730.5,1.2264758
7731,1.225458
7731.5,1.2244869
7732,1.2234651
7732.5,1.2226786
7733,1.221744
7733.5,1.2208689
7734,1.2198262
7734.5,1.2189746
7735,1.2182365
7735.5,1.2175543
7736,1.2167022
7736.5,1.2160345
7737,1.2153415
7737.5,1.2145626
7738,1.2138715
7738.5,1.2132275
7739,1.2126631
7739.5,1.2118575
7740,1.2111886
7740.5,1.2104835
7741,1.2098856
7741.5,1.2089229
7742,1.2081247
7742.5,1.2074769
7743,1.2067321
7743.5,1.2059287
7744,1.2051427
7744.5,1.2043677
7745,1.2035972
7745.5,1.2028986
7746,1.2022921
7746.5,1.2017195
7747,1.2010217
7747.5,1.2002355
7748,1.1995713
7748.5,1.1987833
7749,1.1979823
7749.5,1.1972321
7750,1.1964607
7750.5,1.195681
7751,1.1947737
7751.5,1.193998
7752,1.193218
7752.5,1.1925736
7753,1.1918063
7753.5,1.1910194
7754,1.1901943
7754.5,1.1894421
7755,1.1886826
7755.5,1.1879737
7756,1.1872784
7756.5,1.1864834
7757,1.1856015
7757.5,1.1849767
7758,1.1844266
7758.5,1.1837671
7759,1.1830987
7759.5,1.1823414
7760,1.1817976
7760.5,1.1812928
7761,1.1807655
7761.5,1.1800919
7762,1.1795586
7762.5,1.1789399
7763,1.1783015
7763.5,1.1777385
7764,1.1771313
7764.5,1.1764932
7765,1.1759256
7765.5,1.1755187
7766,1.1750158
7766.5,1.1745514
7767,1.1740777
7767.5,1.173597
7768,1.1730974
7768.5,1.1726986
7769,1.1722107
7769.5,1.1717972
7770,1.1714534
7770.5,1.1710722
7771,1.1707172
7771.5,1.1703532
7772,1.1700053
7772.5,1.169628
7773,1.169263
7773.5,1.168855
7774,1.1685354
7774.5,1.1681633
7775,1.1678753
7775.5,1.1674471
7776,1.1671686
7776.5,1.1667313
7777,1.166308
7777.5,1.1658532
7778,1.1655041
7778.5,1.1651929
7779,1.1647752
7779.5,1.164301
7780,1.1638742
7780.5,1.1634912
7781,1.1631239
7781.5,1.1627497
7782,1.1624064
7782.5,1.1620577
7783,1.1617274
7783.5,1.1614369
7784,1.1610482
7784.5,1.1607145
7785,1.1603318
7785.5,1.1600237
7786,1.1597928
7786.5,1.1595308
7787,1.1593161
7787.5,1.1589083
7788,1.1585431
7788.5,1.1581709
7789,1.1578412
7789.5,1.1575643
7790,1.1572712
7790.5,1.1569618
7791,1.1565861
7791.5,1.1563113
7792,1.1560304
7792.5,1.1556345
7793,1.155359
7793.5,1.1550014
7794,1.1546825
7794.5,1.1543099
7795,1.1540085
7795.5,1.153745
7796,1.1534364
7796.5,1.1530667
7797,1.1527468
7797.5,1.1524355
7798,1.1521468
7798.5,1.1517657
7799,1.1513955
7799.5,1.1509981
7800,1.150631
7800.5,1.1501082
7801,1.1498286
7801.5,1.1494973
7802,1.1491072
7802.5,1.1488115
7803,1.1484165
7803.5,1.1480707
7804,1.1477368
7804.5,1.1473231
7805,1.1469862
7805.5,1.1466524
7806,1.1462121
7806.5,1.1458521
7807,1.1454144
7807.5,1.1450098
7808,1.1447021
7808.5,1.1443226
7809,1.1440015
7809.5,1.1436117
7810,1.1432222
7810.5,1.1429104
7811,1.1425351
7811.5,1.1422595
7812,1.1419238
7812.5,1.1416081
7813,1.141265
7813.5,1.1409313
7814,1.140653
7814.5,1.1404201
7815,1.1401182
7815.5,1.1399474
7816,1.1396821
7816.5,1.1394728
7817,1.1392436
7817.5,1.1390633
7818,1.138873
7818.5,1.1386748
7819,1.1384838
7819.5,1.1384178
7820,1.1382839
7820.5,1.1380951
7821,1.1379316
7821.5,1.1378612
7822,1.1377954
7822.5,1.1376607
7823,1.1376734
7823.5,1.1376443
7824,1.1376236
7824.5,1.1376657
7825,1.1376572
7825.5,1.1377806
7826,1.1378181
7826.5,1.1378933
7827,1.1379254
7827.5,1.137952
7828,1.1380645
7828.5,1.1381364
7829,1.1381525
7829.5,1.1381605
7830,1.1381526
7830.5,1.138111
7831,1.1381034
7831.5,1.1381433
7832,1.1382217
7832.5,1.1381817
7833,1.1381041
7833.5,1.1381338
7834,1.1380093
7834.5,1.138002
7835,1.1379563
7835.5,1.137838
7836,1.1377151
7836.5,1.1376991
7837,1.1375831
7837.5,1.1374582
7838,1.1373113
7838.5,1.1371894
7839,1.1370521
7839.5,1.1369786
7840,1.1367498
7840.5,1.1366074
7841,1.1364486
7841.5,1.1361661
7842,1.1359577
7842.5,1.1357234
7843,1.1356007
7843.5,1.1353427
7844,1.1351502
7844.5,1.1348981
7845,1.134567
7845.5,1.134226
7846,1.1341175
7846.5,1.1338547
7847,1.1336874
7847.5,1.1333389
7848,1.1330514
7848.5,1.1328394
7849,1.1325677
7849.5,1.1322336
7850,1.1319813
7850.5,1.1317868
7851,1.1315345
7851.5,1.1312259
7852,1.1309545
7852.5,1.1306692
7853,1.1304377
7853.5,1.1301465
7854,1.1299023
7854.5,1.1297413
7855,1.1294896
7855.5,1.1292166
7856,1.1289482
7856.5,1.1287728
7857,1.1286779
7857.5,1.1285093
7858,1.1283545
7858.5,1.1282215
7859,1.1279621
7859.5,1.127816
7860,1.1277008
7860.5,1.1274045
7861,1.1271633
7861.5,1.1269842
7862,1.126896
7862.5,1.1268485
7863,1.1267423
7863.5,1.1266345
7864,1.126539
7864.5,1.1264272
7865,1.1262809
7865.5,1.1262061
7866,1.1261322
7866.5,1.1260485
7867,1.125943
7867.5,1.1259128
7868,1.1258397
7868.5,1.1257452
7869,1.1257215
7869.5,1.1256696
7870,1.1255851
7870.5,1.1255211
7871,1.1253671
7871.5,1.1253613
7872,1.1253559
7872.5,1.1252852
7873,1.1251916
7873.5,1.1250542
7874,1.1250351
7874.5,1.1250126
7875,1.1249382
7875.5,1.1249083
7876,1.1249211
7876.5,1.1249217
7877,1.1249045
7877.5,1.1248237
7878,1.1247101
7878.5,1.1246952
7879,1.1246093
7879.5,1.1246009
7880,1.1246282
7880.5,1.1246303
7881,1.1246194
7881.5,1.1246006
7882,1.1246207
7882.5,1.1246647
7883,1.12465
7883.5,1.1245926
7884,1.1245907
7884.5,1.124698
7885,1.1247422
7885.5,1.1247578
7886,1.1247747
7886.5,1.1248085
7887,1.1247679
7887.5,1.1248139
7888,1.1248616
7888.5,1.1249067
7889,1.1249294
7889.5,1.1249043
7890,1.1249933
7890.5,1.1250428
7891,1.1251308
7891.5,1.1251233
7892,1.1251297
7892.5,1.1250774
7893,1.1251519
7893.5,1.1251561
7894,1.1251725
7894.5,1.1251409
7895,1.1251228
7895.5,1.1250507
7896,1.1249949
7896.5,1.1249492
7897,1.1249161
7897.5,1.124726
7898,1.1245951
7898.5,1.1244429
7899,1.1243673
7899.5,1.1242428
7900,1.1241262
7900.5,1.1239971
7901,1.1238818
7901.5,1.1238132
7902,1.1236968
7902.5,1.1236029
7903,1.1234659
7903.5,1.1233219
7904,1.1232409
7904.5,1.1230119
7905,1.1228272
7905.5,1.122688
7906,1.1225122
7906.5,1.1223843
7907,1.1223292
7907.5,1.1222813
7908,1.1222645
7908.5,1.1221597
7909,1.1221287
7909.5,1.1220847
7910,1.1220682
7910.5,1.1219483
7911,1.1219218
7911.5,1.1219214
7912,1.121935
7912.5,1.1219834
7913,1.1219928
7913.5,1.1221132
7914,1.1221188
7914.5,1.1221211
7915,1.1221306
7915.5,1.1221368
7916,1.1221678
7916.5,1.1221949
7917,1.1222712
7917.5,1.122301
7918,1.1224373
7918.5,1.1224261
7919,1.1224792
7919.5,1.1224824
7920,1.1224765
7920.5,1.122566
7921,1.1225635
7921.5,1.1225551
7922,1.1226329
7922.5,1.1226863
7923,1.122834
7923.5,1.1229721
7924,1.1230826
7924.5,1.1231311
7925,1.1232001
7925.5,1.1232449
7926,1.123313
7926.5,1.1233999
7927,1.1234887
7927.5,1.1235793
7928,1.1236608
7928.5,1.1237237
7929,1.1237498
7929.5,1.1238002
7930,1.1239448
7930.5,1.1239637
7931,1.1240613
7931.5,1.1241345
7932,1.1242695
7932.5,1.1242587
7933,1.1243653
7933.5,1.12454
7934,1.1247121
7934.5,1.1248677
7935,1.1249549
7935.5,1.1249858
7936,1.1250814
7936.5,1.1251297
7937,1.1252891
7937.5,1.1253124
7938,1.1252988
7938.5,1.1252571
7939,1.1252655
7939.5,1.1253182
7940,1.1252768
7940.5,1.1252229
7941,1.1252481
7941.5,1.1251712
7942,1.1251066
7942.5,1.1249664
7943,1.1247359
7943.5,1.1245452
7944,1.1243738
7944.5,1.1242083
7945,1.1239618
7945.5,1.1236581
7946,1.1233778
7946.5,1.1230965
7947,1.1227577
7947.5,1.1223579
7948,1.1218724
7948.5,1.1214018
7949,1.1209431
7949.5,1.1205335
7950,1.120107
7950.5,1.1196732
7951,1.1191332
7951.5,1.1185844
7952,1.1180506
7952.5,1.1175156
7953,1.1169984
7953.5,1.1165808
7954,1.1159964
7954.5,1.1154045
7955,1.1148554
7955.5,1.1143405
7956,1.1137424
7956.5,1.1130893
7957,1.1125455
7957.5,1.1119826
7958,1.1113595
7958.5,1.1108054
7959,1.1103041
7959.5,1.1097169
7960,1.1092073
7960.5,1.1087023
7961,1.108102
7961.5,1.1075131
7962,1.1069944
7962.5,1.1064252
7963,1.1058358
7963.5,1.1052472
7964,1.1047015
7964.5,1.1042087
7965,1.1036657
7965.5,1.1031565
7966,1.1026222
7966.5,1.1020397
7967,1.101556
7967.5,1.1009672
7968,1.1004924
7968.5,1.0999958
7969,1.0994547
7969.5,1.0990019
7970,1.098572
7970.5,1.0981441
7971,1.0976754
7971.5,1.097258
7972,1.0968347
7972.5,1.0963667
7973,1.0960392
7973.5,1.0955961
7974,1.0952192
7974.5,1.0948879
7975,1.0945354
7975.5,1.0941418
7976,1.0938482
7976.5,1.0935102
7977,1.0932688
7977.5,1.0929209
7978,1.0926213
7978.5,1.0923931
7979,1.0921919
7979.5,1.091953
7980,1.0917638
7980.5,1.091606
7981,1.0914534
7981.5,1.0912935
7982,1.0911466
7982.5,1.0910255
7983,1.0909336
7983.5,1.090816
7984,1.0906447
7984.5,1.0905669
7985,1.0904483
7985.5,1.0904133
7986,1.0903392
7986.5,1.0902649
7987,1.0901953
7987.5,1.0901215
7988,1.0900826
7988.5,1.0900628
7989,1.0900418
7989.5,1.0900077
7990,1.0900228
7990.5,1.0900441
7991,1.0900515
7991.5,1.0900455
7992,1.0900226
7992.5,1.0900063
7993,1.0900036
7993.5,1.0900218
7994,1.0900434
7994.5,1.0900391
7995,1.0900503
7995.5,1.0900473
7996,1.0899666
7996.5,1.0899471
7997,1.0898843
7997.5,1.0897453
7998,1.0896642
7998.5,1.0895744
7999,1.0894773
7999.5,1.0894087
8000,1.089267
8000.5,1.0891543
8001,1.0890331
8001.5,1.0888877
8002,1.0887102
8002.5,1.0886195
8003,1.0884349
8003.5,1.0882633
8004,1.0880358
8004.5,1.0878523
8005,1.0875975
8005.5,1.0874055
8006,1.0871823
8006.5,1.086903
8007,1.086707
8007.5,1.0864941
8008,1.0862596
8008.5,1.0860264
8009,1.0857617
8009.5,1.0855515
8010,1.0853516
8010.5,1.0851079
8011,1.0848419
8011.5,1.0845985
8012,1.0843176
8012.5,1.084189
8013,1.0840417
8013.5,1.0839131
8014,1.0836742
8014.5,1.0835589
8015,1.0834308
8015.5,1.0832183
8016,1.083046
8016.5,1.0829502
8017,1.082863
8017.5,1.0826868
8018,1.0825776
8018.5,1.082529
8019,1.0823908
8019.5,1.0822754
8020,1.082169
8020.5,1.0821366
8021,1.0820566
8021.5,1.0819634
8022,1.0819328
8022.5,1.0817844
8023,1.0817551
8023.5,1.0816936
8024,1.0816858
8024.5,1.0816128
8025,1.0814904
8025.5,1.0814544
8026,1.0813875
8026.5,1.0813244
8027,1.0812222
8027.5,1.0811738
8028,1.0811279
8028.5,1.0810147
8029,1.0809241
8029.5,1.0808778
8030,1.080854
8030.5,1.0808193
8031,1.0806941
8031.5,1.0806036
8032,1.0805031
8032.5,1.080396
8033,1.0803426
8033.5,1.0802178
8034,1.0801607
8034.5,1.0800501
8035,1.0799794
8035.5,1.0799206
8036,1.0798506
8036.5,1.0797467
8037,1.0796479
8037.5,1.0795981
8038,1.0795112
8038.5,1.0794317
8039,1.0792709
8039.5,1.079151
8040,1.0790265
8040.5,1.0789564
8041,1.0787633
8041.5,1.0786096
8042,1.0784482
8042.5,1.0783363
8043,1.0781998
8043.5,1.07806
8044,1.0778341
8044.5,1.077642
8045,1.0774076
8045.5,1.0772069
8046,1.0769309
8046.5,1.0766823
8047,1.0764584
8047.5,1.0761726
8048,1.0758747
8048.5,1.0755405
8049,1.0752877
8049.5,1.074975
8050,1.0746481
8050.5,1.0742989
8051,1.0738146
8051.5,1.0734011
8052,1.0729903
8052.5,1.072603
8053,1.072164
8053.5,1.0717094
8054,1.0713267
8054.5,1.0708721
8055,1.0704152
8055.5,1.0699858
8056,1.0695439
8056.5,1.0691658
8057,1.068691
8057.5,1.0682761
8058,1.0678757
8058.5,1.0674943
8059,1.0670793
8059.5,1.0666632
8060,1.0662279
8060.5,1.0657722
8061,1.0653854
8061.5,1.0650614
8062,1.0647216
8062.5,1.0643306
8063,1.0640047
8063.5,1.0637103
8064,1.0633325
8064.5,1.0629567
8065,1.0626909
8065.5,1.0623831
8066,1.0621078
8066.5,1.061829
8067,1.0614723
8067.5,1.0611625
8068,1.0609104
8068.5,1.0606739
8069,1.0604207
8069.5,1.0601966
8070,1.05986
8070.5,1.0596463
8071,1.0593819
8071.5,1.0592024
8072,1.0589903
8072.5,1.058769
8073,1.0586763
8073.5,1.0585078
8074,1.0582958
8074.5,1.0581479
8075,1.0580316
8075.5,1.0578539
8076,1.0576881
8076.5,1.0576115
8077,1.0574223
8077.5,1.05728
8078,1.0571676
8078.5,1.0569923
8079,1.0568599
8079.5,1.0567428
8080,1.05661
8080.5,1.056479
8081,1.0563325
8081.5,1.056171
8082,1.0559767
8082.5,1.0558527
8083,1.0557065
8083.5,1.0556181
8084,1.055396
8084.5,1.0552324
8085,1.0550528
8085.5,1.0548546
8086,1.0546342
8086.5,1.0544283
8087,1.0542309
8087.5,1.0539779
8088,1.0537589
8088.5,1.0534813
8089,1.053258
8089.5,1.0529877
8090,1.0527399
8090.5,1.052482
8091,1.0522148
8091.5,1.051971
8092,1.0517154
8092.5,1.0514765
8093,1.0511962
8093.5,1.0509292
8094,1.0506317
8094.5,1.0503309
8095,1.0500227
8095.5,1.0496974
8096,1.0493914
8096.5,1.049077
8097,1.0487514
8097.5,1.0484205
8098,1.0480308
8098.5,1.0476906
8099,1.0473611
8099.5,1.0470659
8100,1.046649
8100.5,1.0463219
8101,1.0459561
8101.5,1.0456514
8102,1.0453032
8102.5,1.0449509
8103,1.0446187
8103.5,1.0443254
8104,1.0440194
8104.5,1.0437167
8105,1.0434205
8105.5,1.0431801
8106,1.0429129
8106.5,1.0426689
8107,1.0424246
8107.5,1.0421982
8108,1.0419692
8108.5,1.041809
8109,1.0416441
8109.5,1.0414955
8110,1.0414187
8110.5,1.0412458
8111,1.0411282
8111.5,1.0410067
8112,1.0409774
8112.5,1.0409481
8113,1.0409363
8113.5,1.0408753
8114,1.040837
8114.5,1.0408558
8115,1.0409256
8115.5,1.0410394
8116,1.0410992
8116.5,1.041217
8117,1.0413863
8117.5,1.0416415
8118,1.0418128
8118.5,1.0419854
8119,1.0421855
8119.5,1.0423798
8120,1.0426128
8120.5,1.0428302
8121,1.0430965
8121.5,1.0434611
8122,1.0437335
8122.5,1.0440706
8123,1.0444692
8123.5,1.0448118
8124,1.0452425
8124.5,1.0456508
8125,1.0460755
8125.5,1.0464914
8126,1.0469657
8126.5,1.0473904
8127,1.0478396
8127.5,1.0483911
8128,1.0489692
8128.5,1.0495917
8129,1.0501568
8129.5,1.0508018
8130,1.0513725
8130.5,1.0520327
8131,1.0527321
8131.5,1.0532606
8132,1.0539679
8132.5,1.0546384
8133,1.0552269
8133.5,1.0558321
8134,1.0565222
8134.5,1.0572043
8135,1.0578567
8135.5,1.0585135
8136,1.0591129
8136.5,1.0596428
8137,1.0601484
8137.5,1.0607431
8138,1.0614124
8138.5,1.062072
8139,1.0626798
8139.5,1.0633074
8140,1.0638706
8140.5,1.0644776
8141,1.0650661
8141.5,1.0656303
8142,1.0663496
8142.5,1.0668573
8143,1.0674901
8143.5,1.0680643
8144,1.0685534
8144.5,1.0691609
8145,1.0697719
8145.5,1.0702918
8146,1.0709727
8146.5,1.071488
8147,1.0720485
8147.5,1.0725983
8148,1.0730809
8148.5,1.0735617
8149,1.0740233
8149.5,1.0745278
8150,1.0748673
8150.5,1.075324
8151,1.0757403
8151.5,1.0761141
8152,1.0765652
8152.5,1.0770918
8153,1.0774921
8153.5,1.0779089
8154,1.0783861
8154.5,1.0787457
8155,1.0791383
8155.5,1.0795057
8156,1.0798474
8156.5,1.0800066
8157,1.0803247
8157.5,1.0804895
8158,1.0807475
8158.5,1.0809441
8159,1.0812111
8159.5,1.0814147
8160,1.0816964
8160.5,1.0819355
8161,1.0820638
8161.5,1.0822228
8162,1.0822885
8162.5,1.0823829
8163,1.0824695
8163.5,1.0826209
8164,1.082676
8164.5,1.08282
8165,1.0828525
8165.5,1.0828703
8166,1.082858
8166.5,1.0829157
8167,1.0828864
8167.5,1.0827859
8168,1.0829306
8168.5,1.083004
8169,1.0829347
8169.5,1.0828779
8170,1.0828477
8170.5,1.0828184
8171,1.0827737
8171.5,1.0827542
8172,1.0827849
8172.5,1.0828977
8173,1.0829541
8173.5,1.0829693
8174,1.083046
8174.5,1.0832088
8175,1.083311
8175.5,1.0834435
8176,1.0835047
8176.5,1.0835174
8177,1.0836803
8177.5,1.0837961
8178,1.0839233
8178.5,1.0838993
8179,1.0839304
8179.5,1.0839393
8180,1.0839267
8180.5,1.0839025
8181,1.083892
8181.5,1.0839006
8182,1.0839044
8182.5,1.0838767
8183,1.0838109
8183.5,1.0837832
8184,1.0836947
8184.5,1.0835611
8185,1.0835277
8185.5,1.0833958
8186,1.0832592
8186.5,1.0830506
8187,1.0828253
8187.5,1.0825757
8188,1.0824031
8188.5,1.0821312
8189,1.0818408
8189.5,1.0813554
8190,1.0809843
8190.5,1.0806774
8191,1.0803336
8191.5,1.0798354
8192,1.0794984
8192.5,1.0790839
8193,1.0786309
8193.5,1.0781196
8194,1.0775417
8194.5,1.0768511
8195,1.076116
8195.5,1.0753823
8196,1.0746707
8196.5,1.0739561
8197,1.0731389
8197.5,1.0723802
8198,1.0716034
8198.5,1.0707559
8199,1.0698938
8199.5,1.0689683
8200,1.0680209
8200.5,1.0671056
8201,1.0661789
8201.5,1.0652544
8202,1.0643443
8202.5,1.0634501
8203,1.0625075
8203.5,1.0618061
8204,1.0609966
8204.5,1.0602699
8205,1.0594791
8205.5,1.0588653
8206,1.0582314
8206.5,1.0576284
8207,1.0570681
8207.5,1.0565607
8208,1.0560763
8208.5,1.0556453
8209,1.0553145
8209.5,1.0548862
8210,1.0545206
8210.5,1.0542493
8211,1.0540454
8211.5,1.0538845
8212,1.0536714
8212.5,1.0535327
8213,1.053404
8213.5,1.0533618
8214,1.0533645
8214.5,1.0533585
8215,1.0532832
8215.5,1.0533135
8216,1.0534065
8216.5,1.0535255
8217,1.0536564
8217.5,1.0537902
8218,1.0539417
8218.5,1.0540892
8219,1.0543324
8219.5,1.0545394
8220,1.0547013
8220.5,1.0548161
8221,1.0549535
8221.5,1.0550623
8222,1.0553149
8222.5,1.0553611
8223,1.0553547
8223.5,1.0554598
8224,1.0554953
8224.5,1.0555475
8225,1.0556157
8225.5,1.0555824
8226,1.0555853
8226.5,1.0555163
8227,1.0554042
8227.5,1.0552534
8228,1.0549973
8228.5,1.0548082
8229,1.0545574
8229.5,1.0543287
8230,1.0540411
8230.5,1.0537608
8231,1.0533271
8231.5,1.0528449
8232,1.0523542
8232.5,1.0518378
8233,1.0512608
8233.5,1.050664
8234,1.0500721
8234.5,1.0494872
8235,1.0488566
8235.5,1.0482494
8236,1.0474911
8236.5,1.0467619
8237,1.0461146
8237.5,1.0453829
8238,1.0445708
8238.5,1.043819
8239,1.043105
8239.5,1.0423549
8240,1.0416979
8240.5,1.0409768
8241,1.040244
8241.5,1.0395779
8242,1.0389399
8242.5,1.0383104
8243,1.0378135
8243.5,1.0372408
8244,1.0366159
8244.5,1.0360561
8245,1.0354803
8245.5,1.0349468
8246,1.0343797
8246.5,1.0337864
8247,1.0333416
8247.5,1.0329385
8248,1.0325118
8248.5,1.0320674
8249,1.0316712
8249.5,1.0312629
8250,1.0308631
8250.5,1.0305052
8251,1.0301637
8251.5,1.0299101
8252,1.0296821
8252.5,1.0294304
8253,1.0291573
8253.5,1.0288772
8254,1.0286853
8254.5,1.028541
8255,1.0283707
8255.5,1.0282028
8256,1.0280547
8256.5,1.0278993
8257,1.0277057
8257.5,1.027613
8258,1.0275584
8258.5,1.0273944
8259,1.0273069
8259.5,1.0272229
8260,1.0271592
8260.5,1.027157
8261,1.0271369
8261.5,1.0270262
8262,1.0270633
8262.5,1.0271311
8263,1.0270874
8263.5,1.0270566
8264,1.0270805
8264.5,1.0272286
8265,1.02727
8265.5,1.0274836
8266,1.0276855
8266.5,1.0278172
8267,1.028013
8267.5,1.0282151
8268,1.0284326
8268.5,1.0286418
8269,1.0289252
8269.5,1.0292437
8270,1.0295665
8270.5,1.0299127
8271,1.0302946
8271.5,1.0305694
8272,1.030774
8272.5,1.0310081
8273,1.0311884
8273.5,1.0313362
8274,1.0314809
8274.5,1.0316677
8275,1.0318009
8275.5,1.0317426
8276,1.0318098
8276.5,1.0317716
8277,1.0315362
8277.5,1.0313602
8278,1.0311248
8278.5,1.0310077
8279,1.0306599
8279.5,1.030364
8280,1.0300558
8280.5,1.0297107
8281,1.0292399
8281.5,1.0287056
8282,1.0283001
8282.5,1.0279182
8283,1.0274279
8283.5,1.0268323
8284,1.0262316
8284.5,1.0255615
8285,1.0250401
8285.5,1.0244487
8286,1.0239476
8286.5,1.0232058
8287,1.0225553
8287.5,1.0218752
8288,1.0213172
8288.5,1.0206389
8289,1.0200306
8289.5,1.0194194
8290,1.018908
8290.5,1.0183369
8291,1.0177067
8291.5,1.0172848
8292,1.0168014
8292.5,1.0163255
8293,1.0158369
8293.5,1.0153232
8294,1.0147741
8294.5,1.0144351
8295,1.0141045
8295.5,1.0138102
8296,1.0135277
8296.5,1.0133324
8297,1.0130692
8297.5,1.012804
8298,1.0126081
8298.5,1.0123644
8299,1.0122039
8299.5,1.0119311
8300,1.0117985
8300.5,1.0116591
8301,1.0115419
8301.5,1.0113792
8302,1.011387
8302.5,1.011406
8303,1.0113752
8303.5,1.0114209
8304,1.0115558
8304.5,1.0116816
8305,1.0118332
8305.5,1.0120429
8306,1.0122115
8306.5,1.0123559
8307,1.012585
8307.5,1.0126396
8308,1.0127832
8308.5,1.012941
8309,1.0131833
8309.5,1.0133407
8310,1.0135481
8310.5,1.0137381
8311,1.0140611
8311.5,1.014365
8312,1.0146857
8312.5,1.0150813
8313,1.015468
8313.5,1.0158241
8314,1.0161965
8314.5,1.0165897
8315,1.0169435
8315.5,1.0173517
8316,1.0178314
8316.5,1.0182766
8317,1.0187106
8317.5,1.0191603
8318,1.01954
8318.5,1.0199569
8319,1.0203626
8319.5,1.0207792
8320,1.0212091
8320.5,1.0216119
8321,1.0220058
8321.5,1.0223743
8322,1.0227221
8322.5,1.0231015
8323,1.0233858
8323.5,1.0236659
8324,1.0239115
8324.5,1.0243033
8325,1.024556
8325.5,1.0247485
8326,1.0249789
8326.5,1.0252583
8327,1.0254325
8327.5,1.0255752
8328,1.0257381
8328.5,1.025889
8329,1.0261189
8329.5,1.0262825
8330,1.0263184
8330.5,1.0263784
8331,1.0263483
8331.5,1.0262762
8332,1.0261863
8332.5,1.0260397
8333,1.0260163
8333.5,1.0259083
8334,1.025791
8334.5,1.0255625
8335,1.0252779
8335.5,1.0250077
8336,1.0246603
8336.5,1.0243062
8337,1.0239793
8337.5,1.0236192
8338,1.0232066
8338.5,1.0228265
8339,1.0224336
8339.5,1.0218386
8340,1.0212581
8340.5,1.0206741
8341,1.0201044
8341.5,1.0194418
8342,1.0187587
8342.5,1.0181302
8343,1.0175314
8343.5,1.0168301
8344,1.0161499
8344.5,1.0154304
8345,1.0147059
8345.5,1.0140555
8346,1.0134205
8346.5,1.0127542
8347,1.0120049
8347.5,1.0113212
8348,1.010614
8348.5,1.0100054
8349,1.0093615
8349.5,1.0087164
8350,1.0079807
8350.5,1.0072935
8351,1.0066188
8351.5,1.0061039
8352,1.0054236
8352.5,1.0048367
8353,1.0042798
8353.5,1.0038004
8354,1.0032569
8354.5,1.0027014
8355,1.0022336
8355.5,1.0018228
8356,1.0013451
8356.5,1.0009334
8357,1.000537
8357.5,1.0001078
8358,0.99968062
8358.5,0.99932572
8359,0.99890179
8359.5,0.99853301
8360,0.99816868
8360.5,0.9978153
8361,0.9974436
8361.5,0.99710243
8362,0.99673407
8362.5,0.99636924
8363,0.99609079
8363.5,0.99577756
8364,0.99548378
8364.5,0.9952436
8365,0.9949847
8365.5,0.99472321
8366,0.99445735
8366.5,0.99422976
8367,0.99393456
8367.5,0.99364865
8368,0.99338818
8368.5,0.99312472
8369,0.99293378
8369.5,0.9926721
8370,0.9924474
8370.5,0.99223714
8371,0.99203278
8371.5,0.99183586
8372,0.99164569
8372.5,0.99146851
8373,0.99123475
8373.5,0.99100919
8374,0.99076771
8374.5,0.99056792
8375,0.99042804
8375.5,0.9903343
8376,0.99015098
8376.5,0.98993292
8377,0.98972714
8377.5,0.98962222
8378,0.98943193
8378.5,0.98922508
8379,0.9890418
8379.5,0.98889738
8380,0.9887036
8380.5,0.98851653
8381,0.98832607
8381.5,0.98809972
8382,0.9878036
8382.5,0.98764653
8383,0.98746705
8383.5,0.98724976
8384,0.98705315
8384.5,0.9868962
8385,0.98660382
8385.5,0.98647131
8386,0.98618919
8386.5,0.98598606
8387,0.98569844
8387.5,0.98535805
8388,0.98515445
8388.5,0.98480726
8389,0.98452867
8389.5,0.9842132
8390,0.98385403
8390.5,0.98352265
8391,0.98321247
8391.5,0.98284662
8392,0.9824521
8392.5,0.98213891
8393,0.98177077
8393.5,0.9813999
8394,0.98105045
8394.5,0.98065149
8395,0.98025147
8395.5,0.97992515
8396,0.97957324
8396.5,0.979174
8397,0.97879788
8397.5,0.97838641
8398,0.97801669
8398.5,0.97772036
8399,0.97739779
8399.5,0.97710006
8400,0.97674578
8400.5,0.97643718
8401,0.97611844
8401.5,0.9758268
8402,0.97552366
8402.5,0.97523673
8403,0.97496269
8403.5,0.97467696
8404,0.97440457
8404.5,0.97421684
8405,0.97408978
8405.5,0.97384785
8406,0.97358991
8406.5,0.97337605
8407,0.97317393
8407.5,0.97290288
8408,0.97265191
8408.5,0.97240797
8409,0.97222531
8409.5,0.9720416
8410,0.97185744
8410.5,0.9716611
8411,0.97145987
8411.5,0.97129912
8412,0.97116524
8412.5,0.97099804
8413,0.97080503
8413.5,0.97058475
8414,0.97039822
8414.5,0.97019422
8415,0.97004896
8415.5,0.96986093
8416,0.96969906
8416.5,0.96960897
8417,0.96939986
8417.5,0.9692709
8418,0.96915069
8418.5,0.96902015
8419,0.9689271
8419.5,0.96876219
8420,0.96865481
8420.5,0.96855725
8421,0.96839498
8421.5,0.96829121
8422,0.96820384
8422.5,0.9681805
8423,0.96808671
8423.5,0.9680037
8424,0.96796324
8424.5,0.96792667
8425,0.96781696
8425.5,0.96775465
8426,0.96772252
8426.5,0.96768784
8427,0.96761403
8427.5,0.9676185
8428,0.96763403
8428.5,0.96769187
8429,0.96770121
8429.5,0.96774972
8430,0.96778712
8430.5,0.9678501
8431,0.96793708
8431.5,0.96795331
8432,0.96805491
8432.5,0.96812905
8433,0.96821319
8433.5,0.96823051
8434,0.96828397
8434.5,0.9683062
8435,0.96844006
8435.5,0.96844994
8436,0.96855552
8436.5,0.9686158
8437,0.96866929
8437.5,0.9687323
8438,0.96878106
8438.5,0.96878461
8439,0.96881159
8439.5,0.96878869
8440,0.96880021
8440.5,0.96874929
8441,0.9686794
8441.5,0.96860239
8442,0.96852087
8442.5,0.96842803
8443,0.96830704
8443.5,0.96821003
8444,0.96800168
8444.5,0.96788004
8445,0.96766346
8445.5,0.96748311
8446,0.96725762
8446.5,0.96708871
8447,0.96684409
8447.5,0.96655829
8448,0.96627122
8448.5,0.96595965
8449,0.96565564
8449.5,0.96527582
8450,0.96493189
8450.5,0.96461335
8451,0.96430388
8451.5,0.96390972
8452,0.96350641
8452.5,0.96322868
8453,0.96294597
8453.5,0.96262
8454,0.96227958
8454.5,0.96202724
8455,0.96172058
8455.5,0.96149706
8456,0.96124751
8456.5,0.96100667
8457,0.9607303
8457.5,0.96050843
8458,0.96022239
8458.5,0.96000577
8459,0.95977106
8459.5,0.95954506
8460,0.95933152
8460.5,0.95918778
8461,0.95899252
8461.5,0.95883868
8462,0.95864287
8462.5,0.95853334
8463,0.95838954
8463.5,0.95833056
8464,0.95816349
8464.5,0.95802927
8465,0.95799004
8465.5,0.95784931
8466,0.95776181
8466.5,0.9576225
8467,0.95749925
8467.5,0.95729764
8468,0.95713905
8468.5,0.9569774
8469,0.9568216
8469.5,0.95673107
8470,0.95664758
8470.5,0.95653059
8471,0.95635177
8471.5,0.95617913
8472,0.95600789
8472.5,0.95586401
8473,0.95581991
8473.5,0.95567702
8474,0.95549579
8474.5,0.95533738
8475,0.95524263
8475.5,0.95526211
8476,0.95521264
8476.5,0.95516424
8477,0.9551542
8477.5,0.95517289
8478,0.95518103
8478.5,0.95523831
8479,0.95537097
8479.5,0.95547101
8480,0.95563108
8480.5,0.95578408
8481,0.95596694
8481.5,0.95616
8482,0.95634315
8482.5,0.95658778
8483,0.95684021
8483.5,0.95714689
8484,0.95751266
8484.5,0.95786261
8485,0.95830264
8485.5,0.95879046
8486,0.95925358
8486.5,0.95967909
8487,0.96019078
8487.5,0.96071944
8488,0.96120372
8488.5,0.96170374
8489,0.96226231
8489.5,0.96284924
8490,0.96344571
8490.5,0.96403115
8491,0.96455261
8491.5,0.96505348
8492,0.96558033
8492.5,0.96610347
8493,0.9666127
8493.5,0.96710674
8494,0.96760475
8494.5,0.96798304
8495,0.96835219
8495.5,0.96866575
8496,0.96894332
8496.5,0.96918284
8497,0.96934991
8497.5,0.96949989
8498,0.96962043
8498.5,0.9697001
8499,0.96971251
8499.5,0.96965524
8500,0.96954838
8500.5,0.96942679
8501,0.969167
8501.5,0.96889381
8502,0.96855897
8502.5,0.9682083
8503,0.9678768
8503.5,0.96750133
8504,0.96717045
8504.5,0.96681069
8505,0.96628977
8505.5,0.96582929
8506,0.96528071
8506.5,0.96471296
8507,0.96425697
8507.5,0.96372283
8508,0.96315985
8508.5,0.96261099
8509,0.96199246
8509.5,0.96135696
8510,0.96085493
8510.5,0.96037739
8511,0.95983359
8511.5,0.95932953
8512,0.95884027
8512.5,0.95828686
8513,0.95785619
8513.5,0.95740996
8514,0.95697628
8514.5,0.95661167
8515,0.95621578
8515.5,0.95584671
8516,0.95548267
8516.5,0.95523717
8517,0.95494822
8517.5,0.95464566
8518,0.95447482
8518.5,0.95430525
8519,0.95418547
8519.5,0.95410718
8520,0.95406199
8520.5,0.95409024
8521,0.95409177
8521.5,0.95412642
8522,0.95428566
8522.5,0.95451078
8523,0.95476714
8523.5,0.95504035
8524,0.95539435
8524.5,0.95575816
8525,0.95624234
8525.5,0.95664308
8526,0.95718118
8526.5,0.95769409
8527,0.95834153
8527.5,0.95895844
8528,0.95965744
8528.5,0.9603365
8529,0.96110023
8529.5,0.96188127
8530,0.96258365
8530.5,0.96337583
8531,0.96421416
8531.5,0.96515573
8532,0.96597683
8532.5,0.96676025
8533,0.96766031
8533.5,0.96860155
8534,0.96947014
8534.5,0.97036762
8535,0.97127438
8535.5,0.97213046
8536,0.9730056
8536.5,0.97389739
8537,0.97471107
8537.5,0.97554714
8538,0.97628781
8538.5,0.97702762
8539,0.97761808
8539.5,0.97817986
8540,0.9787054
8540.5,0.97917381
8541,0.97969712
8541.5,0.98008485
8542,0.9803751
8542.5,0.9806757
8543,0.98090741
8543.5,0.98108619
8544,0.98119936
8544.5,0.98122402
8545,0.98125186
8545.5,0.98123389
8546,0.98107044
8546.5,0.98084826
8547,0.98057705
8547.5,0.98026897
8548,0.97990867
8548.5,0.97943685
8549,0.97887764
8549.5,0.97831142
8550,0.97770135
8550.5,0.97705599
8551,0.97627822
8551.5,0.97545627
8552,0.97466158
8552.5,0.97382236
8553,0.97293683
8553.5,0.97200548
8554,0.97105143
8554.5,0.97006635
8555,0.96908044
8555.5,0.96803948
8556,0.96691196
8556.5,0.96585352
8557,0.96488305
8557.5,0.96393195
8558,0.9630217
8558.5,0.96199278
8559,0.96096844
8559.5,0.95990421
8560,0.95891198
8560.5,0.9578989
8561,0.95698611
8561.5,0.95614036
8562,0.95529266
8562.5,0.95442536
8563,0.95355154
8563.5,0.95276509
8564,0.95199442
8564.5,0.95126046
8565,0.95054074
8565.5,0.94989888
8566,0.94929899
8566.5,0.94876123
8567,0.94822424
8567.5,0.94775369
8568,0.94727846
8568.5,0.94688834
8569,0.94647787
8569.5,0.94617788
8570,0.94586398
8570.5,0.94562763
8571,0.94539706
8571.5,0.94528444
8572,0.94516225
8572.5,0.94511515
8573,0.94508714
8573.5,0.94514257
8574,0.94524481
8574.5,0.9453252
8575,0.94544088
8575.5,0.94560087
8576,0.94576456
8576.5,0.94599979
8577,0.94631648
8577.5,0.94668583
8578,0.94703245
8578.5,0.947457
8579,0.94777864
8579.5,0.94822561
8580,0.9486829
8580.5,0.94918325
8581,0.94971523
8581.5,0.95022135
8582,0.95070355
8582.5,0.95128048
8583,0.9518171
8583.5,0.9523875
8584,0.9529342
8584.5,0.95363378
8585,0.95426842
8585.5,0.95483798
8586,0.95538568
8586.5,0.95600045
8587,0.95661435
8587.5,0.95736358
8588,0.95785247
8588.5,0.95849826
8589,0.959087
8589.5,0.95965744
8590,0.96032534
8590.5,0.96092402
8591,0.96144913
8591.5,0.96199374
8592,0.96259337
8592.5,0.96306696
8593,0.9635229
8593.5,0.96398115
8594,0.96439325
8594.5,0.96482235
8595,0.96515991
8595.5,0.96548816
8596,0.96576913
8596.5,0.96600407
8597,0.96619146
8597.5,0.96631824
8598,0.96639395
8598.5,0.96646089
8599,0.96643714
8599.5,0.96638702
8600,0.96627886
8600.5,0.96609482
8601,0.96590124
8601.5,0.96576459
8602,0.96546849
8602.5,0.96516607
8603,0.96486601
8603.5,0.96444973
8604,0.96406108
8604.5,0.96371552
8605,0.96322022
8605.5,0.96279463
8606,0.96232003
8606.5,0.96187737
8607,0.96135037
8607.5,0.96077684
8608,0.96027489
8608.5,0.95963043
8609,0.95896068
8609.5,0.9583303
8610,0.95766952
8610.5,0.95706579
8611,0.95638098
8611.5,0.95572234
8612,0.95501316
8612.5,0.95437009
8613,0.9537282
8613.5,0.95305178
8614,0.95236351
8614.5,0.95168179
8615,0.9509964
8615.5,0.95026836
8616,0.9495898
8616.5,0.94892063
8617,0.9482776
8617.5,0.94754822
8618,0.94702308
8618.5,0.94639099
8619,0.94579404
8619.5,0.94521552
8620,0.944583
8620.5,0.9440842
8621,0.9435418
8621.5,0.94306333
8622,0.94249854
8622.5,0.94201371
8623,0.94154251
8623.5,0.94108292
8624,0.94066371
8624.5,0.9403626
8625,0.94002969
8625.5,0.93968581
8626,0.93945932
8626.5,0.93925856
8627,0.93899543
8627.5,0.93875177
8628,0.93857826
8628.5,0.93836987
8629,0.93816238
8629.5,0.93808454
8630,0.93802653
8630.5,0.93795745
8631,0.93785136
8631.5,0.93793535
8632,0.93794027
8632.5,0.93801386
8633,0.93818971
8633.5,0.93838658
8634,0.93855983
8634.5,0.93874094
8635,0.93894737
8635.5,0.93917239
8636,0.93952818
8636.5,0.9398516
8637,0.9402153
8637.5,0.94059086
8638,0.94098762
8638.5,0.94143636
8639,0.94194258
8639.5,0.94228332
8640,0.94286023
8640.5,0.94332594
8641,0.94380968
8641.5,0.94444303
8642,0.94507062
8642.5,0.94571683
8643,0.94618711
8643.5,0.94668081
8644,0.94711091
8644.5,0.94759985
8645,0.94828797
8645.5,0.94889985
8646,0.94944441
8646.5,0.9500181
8647,0.95055439
8647.5,0.95104744
8648,0.95162638
8648.5,0.95208338
8649,0.95268721
8649.5,0.95322625
8650,0.95384114
8650.5,0.95434953
8651,0.9549264
8651.5,0.95542729
8652,0.95581642
8652.5,0.95632971
8653,0.95669109
8653.5,0.95710926
8654,0.95763714
8654.5,0.95803429
8655,0.95832299
8655.5,0.95866735
8656,0.95890921
8656.5,0.95909185
8657,0.95939528
8657.5,0.95970472
8658,0.95990466
8658.5,0.96006376
8659,0.96025357
8659.5,0.96038723
8660,0.96046137
8660.5,0.96049133
8661,0.96058203
8661.5,0.96068473
8662,0.96079857
8662.5,0.96087686
8663,0.96104418
8663.5,0.96113881
8664,0.96125769
8664.5,0.96135183
8665,0.96142411
8665.5,0.96140689
8666,0.96142165
8666.5,0.96154378
8667,0.96164656
8667.5,0.96161643
8668,0.96163951
8668.5,0.96153577
8669,0.96150284
8669.5,0.9614683
8670,0.96146945
8670.5,0.9615106
8671,0.9614918
8671.5,0.96138999
8672,0.9613273
8672.5,0.96125558
8673,0.96128588
8673.5,0.96128084
8674,0.96119764
8674.5,0.96094704
8675,0.96094762
8675.5,0.9608152
8676,0.96070661
8676.5,0.96061505
8677,0.96054958
8677.5,0.96049813
8678,0.96040127
8678.5,0.96017263
8679,0.95998198
8679.5,0.95994372
8680,0.95976056
8680.5,0.95969328
8681,0.95972843
8681.5,0.95969555
8682,0.95959399
8682.5,0.95949639
8683,0.95946452
8683.5,0.95938227
8684,0.95941434
8684.5,0.95924629
8685,0.95915649
8685.5,0.95894044
8686,0.95880887
8686.5,0.95863042
8687,0.95850069
8687.5,0.95832327
8688,0.95809903
8688.5,0.95795654
8689,0.95770899
8689.5,0.95740173
8690,0.95710992
8690.5,0.95682733
8691,0.95656577
8691.5,0.95630699
8692,0.9561161
8692.5,0.95578014
8693,0.95551942
8693.5,0.95521274
8694,0.95488933
8694.5,0.95457606
8695,0.95423615
8695.5,0.953986
8696,0.9536585
8696.5,0.95340137
8697,0.95308122
8697.5,0.95277538
8698,0.95237283
8698.5,0.95210027
8699,0.95182529
8699.5,0.95160432
8700,0.95135716
8700.5,0.9511902
8701,0.95095756
8701.5,0.9507616
8702,0.95057727
8702.5,0.95040242
8703,0.95030271
8703.5,0.9502329
8704,0.9501732
8704.5,0.95015515
8705,0.95012171
8705.5,0.95003519
8706,0.95008618
8706.5,0.95014218
8707,0.95012061
8707.5,0.95015726
8708,0.95033257
8708.5,0.9504278
8709,0.95056291
8709.5,0.95066036
8710,0.95086722
8710.5,0.95106875
8711,0.95126253
8711.5,0.95148231
8712,0.95172951
8712.5,0.95192927
8713,0.95221389
8713.5,0.95250446
8714,0.95274738
8714.5,0.95300373
8715,0.95331778
8715.5,0.95367191
8716,0.95394765
8716.5,0.9543148
8717,0.9546944
8717.5,0.95513671
8718,0.9555381
8718.5,0.95602953
8719,0.95651958
8719.5,0.95697584
8720,0.9575207
8720.5,0.95809902
8721,0.95864864
8721.5,0.9592714
8722,0.95988277
8722.5,0.96055985
8723,0.96118845
8723.5,0.96188304
8724,0.96265682
8724.5,0.96340332
8725,0.9641759
8725.5,0.96498733
8726,0.96582062
8726.5,0.96670998
8727,0.96756339
8727.5,0.96844483
8728,0.96936517
8728.5,0.97029121
8729,0.9712721
8729.5,0.97220627
8730,0.9731595
8730.5,0.97417192
8731,0.97519346
8731.5,0.97624936
8732,0.97726638
8732.5,0.97825921
8733,0.97927917
8733.5,0.98028089
8734,0.98130411
8734.5,0.98243678
8735,0.98351058
8735.5,0.98453989
8736,0.98560937
8736.5,0.98671025
8737,0.98779121
8737.5,0.98882374
8738,0.98977292
8738.5,0.99077943
8739,0.99177304
8739.5,0.99275417
8740,0.9936423
8740.5,0.99448177
8741,0.99531779
8741.5,0.99619036
8742,0.99699682
8742.5,0.99783865
8743,0.99858033
8743.5,0.99930351
8744,0.9999113
8744.5,1.0005463
8745,1.0012536
8745.5,1.00197
8746,1.0024779
8746.5,1.002988
8747,1.0034098
8747.5,1.0038211
8748,1.0042391
8748.5,1.0044739
8749,1.0046516
8749.5,1.0049329
8750,1.0051363
8750.5,1.0052873
8751,1.0053266
8751.5,1.0053211
8752,1.005294
8752.5,1.0052366
8753,1.005003
8753.5,1.0047607
8754,1.0045381
8754.5,1.00417
8755,1.0037754
8755.5,1.0033648
8756,1.0028829
8756.5,1.0024459
8757,1.0020166
8757.5,1.0015039
8758,1.000958
8758.5,1.0004602
8759,0.99985203
8759.5,0.9993483
8760,0.9986159
8760.5,0.99784172
8761,0.99710952
8761.5,0.99640703
8762,0.99557059
8762.5,0.99471015
8763,0.99406971
8763.5,0.99327154
8764,0.99245584
8764.5,0.99171396
8765,0.991024
8765.5,0.99031035
8766,0.98962793
8766.5,0.9889841
8767,0.98843475
8767.5,0.98783945
8768,0.9872228
8768.5,0.98651836
8769,0.9858726
8769.5,0.98522653
8770,0.98469374
8770.5,0.98404943
8771,0.98351303
8771.5,0.98283712
8772,0.98230518
8772.5,0.98174551
8773,0.98149116
8773.5,0.98104806
8774,0.98060192
8774.5,0.98025662
8775,0.97981119
8775.5,0.97941191
8776,0.9790789
8776.5,0.97876853
8777,0.97842381
8777.5,0.97808683
8778,0.97791386
8778.5,0.97770146
8779,0.97750251
8779.5,0.97722182
8780,0.97708938
8780.5,0.97687344
8781,0.97680086
8781.5,0.97671199
8782,0.9766233
8782.5,0.97667481
8783,0.97658209
8783.5,0.97667385
8784,0.97675307
8784.5,0.97683912
8785,0.97700593
8785.5,0.97711465
8786,0.97736971
8786.5,0.97757626
8787,0.97796198
8787.5,0.97823949
8788,0.97846055
8788.5,0.97871034
8789,0.97891808
8789.5,0.97920946
8790,0.97956996
8790.5,0.98003272
8791,0.98034138
8791.5,0.98072215
8792,0.98118146
8792.5,0.98166313
8793,0.98200791
8793.5,0.9825187
8794,0.98302488
8794.5,0.98345327
8795,0.98388942
8795.5,0.98433227
8796,0.9847865
8796.5,0.98524275
8797,0.98573192
8797.5,0.98619247
8798,0.98675897
8798.5,0.98721637
8799,0.98760062
8799.5,0.98804646
8800,0.98845679
8800.5,0.98890107
8801,0.98928863
8801.5,0.98966119
8802,0.99007625
8802.5,0.99050206
8803,0.99089251
8803.5,0.99120014
8804,0.99160331
8804.5,0.99190588
8805,0.99214362
8805.5,0.99241908
8806,0.99265045
8806.5,0.99276623
8807,0.99289231
8807.5,0.9929873
8808,0.99306066
8808.5,0.99309758
8809,0.99310196
8809.5,0.99314175
8810,0.99314086
8810.5,0.99311081
8811,0.99298975
8811.5,0.99288995
8812,0.99273528
8812.5,0.9925365
8813,0.99229932
8813.5,0.99211308
8814,0.99191986
8814.5,0.99178316
8815,0.99167768
8815.5,0.99151279
8816,0.99142359
8816.5,0.9913736
8817,0.99116083
8817.5,0.99093958
8818,0.99072784
8818.5,0.99054721
8819,0.99043578
8819.5,0.99040173
8820,0.99025021
8820.5,0.99013096
8821,0.99010992
8821.5,0.99007582
8822,0.99007755
8822.5,0.99007765
8823,0.99005277
8823.5,0.99007066
8824,0.99016816
8824.5,0.99017809
8825,0.9902925
8825.5,0.99043321
8826,0.99060979
8826.5,0.99084322
8827,0.99108347
8827.5,0.9913737
8828,0.9917173
8828.5,0.99203373
8829,0.99241847
8829.5,0.99283675
8830,0.99321202
8830.5,0.99380497
8831,0.99437947
8831.5,0.99486444
8832,0.99544439
8832.5,0.99609532
8833,0.99685434
8833.5,0.9975083
8834,0.99833292
8834.5,0.99917264
8835,0.99997294
8835.5,1.0008309
8836,1.0016669
8836.5,1.002531
8837,1.0034358
8837.5,1.0043494
8838,1.0051598
8838.5,1.0061334
8839,1.0071706
8839.5,1.0081386
8840,1.0090934
8840.5,1.0100484
8841,1.0110728
8841.5,1.0121142
8842,1.0132092
8842.5,1.0141532
8843,1.015253
8843.5,1.0162808
8844,1.0173577
8844.5,1.0183944
8845,1.019376
8845.5,1.0204763
8846,1.0214904
8846.5,1.0226104
8847,1.0236792
8847.5,1.0248032
8848,1.0257959
8848.5,1.0269383
8849,1.0279788
8849.5,1.028992
8850,1.0301437
8850.5,1.0311692
8851,1.0322609
8851.5,1.0334248
8852,1.0344026
8852.5,1.0354259
8853,1.0363448
8853.5,1.0373256
8854,1.0383071
8854.5,1.0391966
8855,1.0400405
8855.5,1.0408566
8856,1.0416328
8856.5,1.0423843
8857,1.043195
8857.5,1.0438624
8858,1.0445213
8858.5,1.0451777
8859,1.0456903
8859.5,1.0462389
8860,1.0466404
8860.5,1.0470505
8861,1.0474303
8861.5,1.0477185
8862,1.0479675
8862.5,1.0481069
8863,1.0482045
8863.5,1.0484126
8864,1.0483818
8864.5,1.048354
8865,1.0482185
8865.5,1.0480649
8866,1.0478645
8866.5,1.0476295
8867,1.047324
8867.5,1.046988
8868,1.0465542
8868.5,1.0460911
8869,1.0454574
8869.5,1.0448198
8870,1.0442832
8870.5,1.0436677
8871,1.0428875
8871.5,1.0421352
8872,1.0414195
8872.5,1.0406771
8873,1.0397156
8873.5,1.0388158
8874,1.0378192
8874.5,1.0368832
8875,1.0359913
8875.5,1.0351002
8876,1.0341361
8876.5,1.033228
8877,1.0321938
8877.5,1.0312687
8878,1.0302915
8878.5,1.0293743
8879,1.0284297
8879.5,1.0274355
8880,1.0264955
8880.5,1.0255307
8881,1.0245846
8881.5,1.023642
8882,1.0227369
8882.5,1.0218983
8883,1.0209736
8883.5,1.0201658
8884,1.0193173
8884.5,1.0185448
8885,1.0177152
8885.5,1.0169993
8886,1.0162485
8886.5,1.0155462
8887,1.0147184
8887.5,1.0141041
8888,1.0134445
8888.5,1.0127725
8889,1.0121885
8889.5,1.0116301
8890,1.0110741
8890.5,1.0105502
8891,1.0100904
8891.5,1.009658
8892,1.0092371
8892.5,1.0087287
8893,1.0082373
8893.5,1.0078824
8894,1.0074539
8894.5,1.0070488
8895,1.0067886
8895.5,1.0065998
8896,1.0062622
8896.5,1.005892
8897,1.0055873
8897.5,1.0053329
8898,1.0051844
8898.5,1.0049954
8899,1.0047873
8899.5,1.0045522
8900,1.0044067
8900.5,1.0041928
8901,1.0041023
8901.5,1.0040519
8902,1.0039824
8902.5,1.0039072
8903,1.0038671
8903.5,1.003822
8904,1.0038598
8904.5,1.0038966
8905,1.0039664
8905.5,1.0040659
8906,1.0041082
8906.5,1.0042889
8907,1.0043423
8907.5,1.0044711
8908,1.0045419
8908.5,1.0045894
8909,1.0045793
8909.5,1.0046822
8910,1.0048018
8910.5,1.0048623
8911,1.0049589
8911.5,1.005197
8912,1.0053434
8912.5,1.0054107
8913,1.0055522
8913.5,1.0057106
8914,1.0058265
8914.5,1.006008
8915,1.0061077
8915.5,1.0062992
8916,1.0063762
8916.5,1.0064813
8917,1.006684
8917.5,1.0068726
8918,1.0070744
8918.5,1.0073351
8919,1.0074914
8919.5,1.0076614
8920,1.0079279
8920.5,1.0082824
8921,1.008581
8921.5,1.0088423
8922,1.0091847
8922.5,1.0095192
8923,1.0098818
8923.5,1.0101936
8924,1.0106167
8924.5,1.0109726
8925,1.0113345
8925.5,1.0116938
8926,1.0121051
8926.5,1.0125
8927,1.0129071
8927.5,1.0132639
8928,1.0135797
8928.5,1.0139025
8929,1.0142443
8929.5,1.014623
8930,1.0150243
8930.5,1.0154166
8931,1.0157835
8931.5,1.0161111
8932,1.0164781
8932.5,1.0167643
8933,1.0172015
8933.5,1.0175163
8934,1.0179498
8934.5,1.0183491
8935,1.0187822
8935.5,1.0193168
8936,1.0198722
8936.5,1.0204481
8937,1.0210554
8937.5,1.0217292
8938,1.0223562
8938.5,1.023143
8939,1.0239267
8939.5,1.0246511
8940,1.0254067
8940.5,1.0261937
8941,1.0272477
8941.5,1.0280354
8942,1.0289634
8942.5,1.0300847
8943,1.030966
8943.5,1.031998
8944,1.0330965
8944.5,1.0339499
8945,1.0350086
8945.5,1.036243
8946,1.0373027
8946.5,1.0385452
8947,1.0397796
8947.5,1.0410004
8948,1.04201
8948.5,1.0430286
8949,1.0441645
8949.5,1.0454416
8950,1.0466411
8950.5,1.0478562
8951,1.0491297
8951.5,1.0503464
8952,1.0514265
8952.5,1.0525263
8953,1.0538079
8953.5,1.0550445
8954,1.0562291
8954.5,1.0573599
8955,1.0584907
8955.5,1.0596189
8956,1.0607069
8956.5,1.0616306
8957,1.0626166
8957.5,1.0637526
8958,1.0646027
8958.5,1.0657012
8959,1.066535
8959.5,1.0675192
8960,1.0684298
8960.5,1.0693695
8961,1.0698784
8961.5,1.0705658
8962,1.0712979
8962.5,1.0719928
8963,1.0725837
8963.5,1.0731788
8964,1.0736916
8964.5,1.0742292
8965,1.0746758
8965.5,1.075241
8966,1.0756779
8966.5,1.076167
8967,1.0765851
8967.5,1.0769908
8968,1.0771918
8968.5,1.0775387
8969,1.0777919
8969.5,1.0779293
8970,1.0781855
8970.5,1.0784427
8971,1.0786326
8971.5,1.07872
8972,1.0787943
8972.5,1.0790332
8973,1.0789861
8973.5,1.079114
8974,1.079291
8974.5,1.0793195
8975,1.0794108
8975.5,1.0794524
8976,1.079706
8976.5,1.0799024
8977,1.0802095
8977.5,1.0804051
8978,1.0806903
8978.5,1.0809062
8979,1.0811484
8979.5,1.0812918
8980,1.0814139
8980.5,1.0816751
8981,1.0819028
8981.5,1.0822585
8982,1.0825093
8982.5,1.0827423
8983,1.0830283
8983.5,1.0832361
8984,1.0836736
8984.5,1.0839276
8985,1.0841963
8985.5,1.0845975
8986,1.0850053
8986.5,1.0854484
8987,1.0859395
8987.5,1.0864462
8988,1.0869357
8988.5,1.087496
8989,1.0880182
8989.5,1.0885083
8990,1.0890098
8990.5,1.0895149
8991,1.090141
8991.5,1.0906534
8992,1.0912199
8992.5,1.0918928
8993,1.0926318
8993.5,1.093287
8994,1.0940441
8994.5,1.0949293
8995,1.0957849
8995.5,1.0966627
8996,1.0977582
8996.5,1.0987583
8997,1.0996804
8997.5,1.1008326
8998,1.1020364
8998.5,1.1032703
8999,1.1045508
8999.5,1.1059095
9000,1.1072876
9000.5,1.1086183
9001,1.1101526
9001.5,1.1115414
9002,1.1129414
9002.5,1.1142922
9003,1.1157734
9003.5,1.1173021
9004,1.1188233
9004.5,1.1204448
9005,1.1218822
9005.5,1.1234777
9006,1.125058
9006.5,1.1264564
9007,1.1277105
9007.5,1.129177
9008,1.1303094
9008.5,1.1315778
9009,1.1327889
9009.5,1.1339494
9010,1.1350145
9010.5,1.13606
9011,1.1371358
9011.5,1.1380144
9012,1.1388617
9012.5,1.1395307
9013,1.1402191
9013.5,1.1407996
9014,1.1413745
9014.5,1.1418153
9015,1.1422184
9015.5,1.1424706
9016,1.1427203
9016.5,1.1429064
9017,1.1429578
9017.5,1.1426444
9018,1.1428308
9018.5,1.142541
9019,1.1424053
9019.5,1.1421831
9020,1.1418116
9020.5,1.1413536
9021,1.1407735
9021.5,1.1402009
9022,1.1395302
9022.5,1.1387917
9023,1.1380724
9023.5,1.1371258
9024,1.1362745
9024.5,1.1353588
9025,1.1343603
9025.5,1.1331863
9026,1.1319755
9026.5,1.1306492
9027,1.1294605
9027.5,1.1280523
9028,1.1267921
9028.5,1.1254376
9029,1.124144
9029.5,1.123046
9030,1.1216783
9030.5,1.1203805
9031,1.1191477
9031.5,1.1178387
9032,1.1166316
9032.5,1.1154504
9033,1.1142159
9033.5,1.113167
9034,1.111967
9034.5,1.1111161
9035,1.1100739
9035.5,1.1091177
9036,1.1082138
9036.5,1.1073426
9037,1.1065253
9037.5,1.1057193
9038,1.1048985
9038.5,1.104247
9039,1.1035746
9039.5,1.1032613
9040,1.1028388
9040.5,1.1024896
9041,1.1022923
9041.5,1.1020685
9042,1.1018946
9042.5,1.1017518
9043,1.101674
9043.5,1.1015333
9044,1.1015878
9044.5,1.1017721
9045,1.102042
9045.5,1.1022281
9046,1.1024264
9046.5,1.1028089
9047,1.1033131
9047.5,1.1036537
9048,1.1041349
9048.5,1.1045977
9049,1.1051486
9049.5,1.1057258
9050,1.1063955
9050.5,1.1071325
9051,1.1078641
9051.5,1.1087304
9052,1.1094282
9052.5,1.1103759
9053,1.1112822
9053.5,1.1123752
9054,1.1132664
9054.5,1.1143783
9055,1.1154305
9055.5,1.1164346
9056,1.1174424
9056.5,1.1185333
9057,1.1195362
9057.5,1.120757
9058,1.1218487
9058.5,1.123071
9059,1.1241529
9059.5,1.1252541
9060,1.1262872
9060.5,1.1274017
9061,1.1285717
9061.5,1.1296817
9062,1.1307016
9062.5,1.1318692
9063,1.1330567
9063.5,1.1340926
9064,1.1351286
9064.5,1.1361461
9065,1.1374168
9065.5,1.1385197
9066,1.1393892
9066.5,1.1404467
9067,1.1415414
9067.5,1.1426333
9068,1.1437127
9068.5,1.1446994
9069,1.1457378
9069.5,1.1467108
9070,1.1477095
9070.5,1.1486388
9071,1.1495377
9071.5,1.1504256
9072,1.1511217
9072.5,1.1518449
9073,1.1526681
9073.5,1.1534302
9074,1.1542363
9074.5,1.1550276
9075,1.1557611
9075.5,1.1565127
9076,1.1573427
9076.5,1.1581026
9077,1.1588393
9077.5,1.1596072
9078,1.1603235
9078.5,1.1608752
9079,1.1615944
9079.5,1.1621895
9080,1.1628436
9080.5,1.1633572
9081,1.164036
9081.5,1.1646427
9082,1.1652769
9082.5,1.1659474
9083,1.166618
9083.5,1.1672919
9084,1.1678954
9084.5,1.1684933
9085,1.1690854
9085.5,1.1697636
9086,1.1705012
9086.5,1.1711068
9087,1.17177
9087.5,1.1723307
9088,1.1729229
9088.5,1.1733899
9089,1.174036
9089.5,1.1746001
9090,1.1752212
9090.5,1.1755892
9091,1.1760914
9091.5,1.1765934
9092,1.1771967
9092.5,1.1776723
9093,1.1779466
9093.5,1.1784062
9094,1.1787298
9094.5,1.1789678
9095,1.1793322
9095.5,1.1795493
9096,1.1797638
9096.5,1.1800487
9097,1.1801745
9097.5,1.180374
9098,1.1802433
9098.5,1.1801943
9099,1.1802925
9099.5,1.1801299
9100,1.1801128
9100.5,1.1798851
9101,1.1796047
9101.5,1.1792731
9102,1.1789811
9102.5,1.1788038
9103,1.1783989
9103.5,1.177709
9104,1.1771977
9104.5,1.1766308
9105,1.1760055
9105.5,1.1751462
9106,1.1742095
9106.5,1.173437
9107,1.172593
9107.5,1.1718049
9108,1.1710434
9108.5,1.1701141
9109,1.1690636
9109.5,1.1682483
9110,1.1673021
9110.5,1.1662379
9111,1.1652955
9111.5,1.1641104
9112,1.1631938
9112.5,1.1622837
9113,1.1615677
9113.5,1.1606959
9114,1.1598198
9114.5,1.1588244
9115,1.1579573
9115.5,1.1571851
9116,1.1564468
9116.5,1.1556648
9117,1.1549037
9117.5,1.1540716
9118,1.1533078
9118.5,1.15259
9119,1.1518648
9119.5,1.1513235
9120,1.1505835
9120.5,1.1500692
9121,1.1493935
9121.5,1.1489039
9122,1.1484253
9122.5,1.1479732
9123,1.1476405
9123.5,1.147131
9124,1.1467769
9124.5,1.1466024
9125,1.1463273
9125.5,1.1463395
9126,1.146088
9126.5,1.1458641
9127,1.1456566
9127.5,1.1454043
9128,1.1452935
9128.5,1.1451712
9129,1.1450293
9129.5,1.1449079
9130,1.1447306
9130.5,1.1446073
9131,1.1444996
9131.5,1.1443691
9132,1.1442322
9132.5,1.1440181
9133,1.1437851
9133.5,1.1434871
9134,1.1433813
9134.5,1.143313
9135,1.143042
9135.5,1.1430417
9136,1.1429059
9136.5,1.1426993
9137,1.1427071
9137.5,1.1426496
9138,1.1425245
9138.5,1.142347
9139,1.1422806
9139.5,1.1421329
9140,1.1420739
9140.5,1.1420932
9141,1.1421973
9141.5,1.1420274
9142,1.1420576
9142.5,1.1423068
9143,1.1423631
9143.5,1.1425246
9144,1.142686
9144.5,1.1428578
9145,1.1430636
9145.5,1.1433643
9146,1.1436448
9146.5,1.1438376
9147,1.1440155
9147.5,1.1443535
9148,1.1448371
9148.5,1.1452118
9149,1.1454949
9149.5,1.1457988
9150,1.1462826
9150.5,1.1465143
9151,1.1469104
9151.5,1.1472232
9152,1.1474857
9152.5,1.1477489
9153,1.1481206
9153.5,1.1483417
9154,1.1484676
9154.5,1.1487381
9155,1.1489458
9155.5,1.1490572
9156,1.1494013
9156.5,1.1496691
9157,1.1498766
9157.5,1.1501338
9158,1.1503229
9158.5,1.1506366
9159,1.1508399
9159.5,1.1511292
9160,1.1513424
9160.5,1.151551
9161,1.1516964
9161.5,1.1518863
9162,1.1520513
9162.5,1.1522359
9163,1.1524409
9163.5,1.1526334
9164,1.1528533
9164.5,1.1530558
9165,1.1532798
9165.5,1.1535133
9166,1.1537568
9166.5,1.1540098
9167,1.1543278
9167.5,1.1546451
9168,1.1548914
9168.5,1.1551808
9169,1.1553923
9169.5,1.1556279
9170,1.1558921
9170.5,1.1561291
9171,1.1564112
9171.5,1.1567652
9172,1.1570879
9172.5,1.157367
9173,1.1576726
9173.5,1.1580493
9174,1.1582405
9174.5,1.1585503
9175,1.1586806
9175.5,1.1587672
9176,1.1587787
9176.5,1.1586388
9177,1.1586836
9177.5,1.1585449
9178,1.1586031
9178.5,1.1587417
9179,1.158652
9179.5,1.1585451
9180,1.1583634
9180.5,1.1582387
9181,1.158076
9181.5,1.1579945
9182,1.1577978
9182.5,1.1578347
9183,1.1577386
9183.5,1.1577353
9184,1.1576107
9184.5,1.1575802
9185,1.1573795
9185.5,1.1573416
9186,1.1572077
9186.5,1.1572719
9187,1.1571925
9187.5,1.1572395
9188,1.157214
9188.5,1.1572922
9189,1.1572926
9189.5,1.1574055
9190,1.1574989
9190.5,1.1575127
9191,1.1578091
9191.5,1.1579635
9192,1.1583631
9192.5,1.1586233
9193,1.1591061
9193.5,1.1595364
9194,1.1600798
9194.5,1.1604616
9195,1.1610852
9195.5,1.1617604
9196,1.1623451
9196.5,1.1629232
9197,1.1636441
9197.5,1.1642501
9198,1.164935
9198.5,1.1658036
9199,1.1667857
9199.5,1.1677268
9200,1.1685775
9200.5,1.1695121
9201,1.1705532
9201.5,1.1717956
9202,1.1729927
9202.5,1.1741686
9203,1.1753914
9203.5,1.1767703
9204,1.1783725
9204.5,1.1800219
9205,1.1815596
9205.5,1.1832251
9206,1.1849887
9206.5,1.186684
9207,1.1885124
9207.5,1.1901984
9208,1.1920734
9208.5,1.1939822
9209,1.1958773
9209.5,1.1976786
9210,1.199617
9210.5,1.2015824
9211,1.2034799
9211.5,1.2054281
9212,1.207397
9212.5,1.209367
9213,1.2112583
9213.5,1.2132624
9214,1.2152554
9214.5,1.2172353
9215,1.2191862
9215.5,1.2209128
9216,1.2227905
9216.5,1.2247374
9217,1.2264887
9217.5,1.2283456
9218,1.2301285
9218.5,1.2317825
9219,1.2333535
9219.5,1.2349679
9220,1.2365786
9220.5,1.2381849
9221,1.2397601
9221.5,1.2412184
9222,1.2427748
9222.5,1.244195
9223,1.2456451
9223.5,1.2470974
9224,1.2484891
9224.5,1.2496011
9225,1.2508639
9225.5,1.2519907
9226,1.2531513
9226.5,1.2542087
9227,1.2553431
9227.5,1.2563805
9228,1.2571561
9228.5,1.2580633
9229,1.2588711
9229.5,1.2597968
9230,1.2605177
9230.5,1.2612603
9231,1.2618228
9231.5,1.2622709
9232,1.2626966
9232.5,1.2631314
9233,1.2634711
9233.5,1.2634823
9234,1.2638344
9234.5,1.2640963
9235,1.2643787
9235.5,1.2643932
9236,1.2643315
9236.5,1.2642886
9237,1.2642104
9237.5,1.2640698
9238,1.2639657
9238.5,1.2638193
9239,1.2636619
9239.5,1.2633742
9240,1.263018
9240.5,1.2624631
9241,1.2623109
9241.5,1.2621027
9242,1.261619
9242.5,1.2613487
9243,1.2611674
9243.5,1.2609455
9244,1.2606044
9244.5,1.2602985
9245,1.2600981
9245.5,1.2598319
9246,1.2594999
9246.5,1.2591659
9247,1.2588735
9247.5,1.2584821
9248,1.2582008
9248.5,1.258096
9249,1.2579169
9249.5,1.2578813
9250,1.2577924
9250.5,1.2576502
9251,1.2576786
9251.5,1.2577895
9252,1.2577847
9252.5,1.2578585
9253,1.258207
9253.5,1.2583702
9254,1.2587449
9254.5,1.2591421
9255,1.2593055
9255.5,1.2596658
9256,1.2601364
9256.5,1.2604895
9257,1.2610498
9257.5,1.2614997
9258,1.2622169
9258.5,1.2628916
9259,1.2637873
9259.5,1.264661
9260,1.2656707
9260.5,1.2665584
9261,1.2676065
9261.5,1.2684914
9262,1.2695831
9262.5,1.2708027
9263,1.272096
9263.5,1.2735756
9264,1.2751097
9264.5,1.2767324
9265,1.2784621
9265.5,1.2803307
9266,1.2823099
9266.5,1.2843345
9267,1.2860559
9267.5,1.2880696
9268,1.2902525
9268.5,1.2926587
9269,1.2945203
9269.5,1.2971315
9270,1.2993577
9270.5,1.3019109
9271,1.3047158
9271.5,1.3073913
9272,1.3103449
9272.5,1.3131883
9273,1.3160869
9273.5,1.3190158
9274,1.3221891
9274.5,1.3251156
9275,1.328319
9275.5,1.3315867
9276,1.3348871
9276.5,1.3381116
9277,1.3415907
9277.5,1.3452796
9278,1.3486424
9278.5,1.3522891
9279,1.3557281
9279.5,1.3592639
9280,1.3626766
9280.5,1.3660015
9281,1.3688321
9281.5,1.3726604
9282,1.3756701
9282.5,1.378734
9283,1.3816713
9283.5,1.3853559
9284,1.388668
9284.5,1.3921283
9285,1.3951387
9285.5,1.3981045
9286,1.4010205
9286.5,1.4040944
9287,1.4068991
9287.5,1.4097044
9288,1.4124331
9288.5,1.4150859
9289,1.4176634
9289.5,1.4201666
9290,1.4225965
9290.5,1.4250838
9291,1.4272832
9291.5,1.4294608
9292,1.4315546
9292.5,1.4336708
9293,1.435919
9293.5,1.4380726
9294,1.4401761
9294.5,1.4422168
9295,1.4441925
9295.5,1.4458911
9296,1.4475347
9296.5,1.4491253
9297,1.4506651
9297.5,1.4521284
9298,1.4537091
9298.5,1.4552524
9299,1.4567284
9299.5,1.4576727
9300,1.4589636
9300.5,1.4608834
9301,1.4620906
9301.5,1.4632195
9302,1.4644187
9302.5,1.4655427
9303,1.4665684
9303.5,1.4674656
9304,1.4683169
9304.5,1.4694481
9305,1.4702953
9305.5,1.4711288
9306,1.4719581
9306.5,1.4729774
9307,1.4739695
9307.5,1.4753258
9308,1.4766063
9308.5,1.477528
9309,1.4783975
9309.5,1.4792088
9310,1.4800103
9310.5,1.4811257
9311,1.4820196
9311.5,1.482901
9312,1.4838934
9312.5,1.4847853
9313,1.4854463
9313.5,1.48644
9314,1.4875114
9314.5,1.4885746
9315,1.4894487
9315.5,1.4905928
9316,1.4919041
9316.5,1.492549
9317,1.4936563
9317.5,1.4948341
9318,1.4957339
9318.5,1.4966028
9319,1.4977511
9319.5,1.4987991
9320,1.4994061
9320.5,1.5005844
9321,1.501266
9321.5,1.5024577
9322,1.5033345
9322.5,1.5042187
9323,1.5051228
9323.5,1.5059911
9324,1.5067906
9324.5,1.507597
9325,1.5086968
9325.5,1.50971
9326,1.5106345
9326.5,1.5114107
9327,1.512504
9327.5,1.513581
9328,1.5144372
9328.5,1.5154488
9329,1.5164617
9329.5,1.5173383
9330,1.5182337
9330.5,1.5192882
9331,1.5201961
9331.5,1.5209689
9332,1.5217725
9332.5,1.5231952
9333,1.5238071
9333.5,1.5250129
9334,1.5260152
9334.5,1.5269852
9335,1.5281416
9335.5,1.5292771
9336,1.5303877
9336.5,1.5314789
9337,1.5325516
9337.5,1.5336529
9338,1.5347171
9338.5,1.5357198
9339,1.5366516
9339.5,1.5377421
9340,1.5386874
9340.5,1.5396468
9341,1.5405757
9341.5,1.5415559
9342,1.5425356
9342.5,1.5433398
9343,1.5443039
9343.5,1.5453522
9344,1.5464477
9344.5,1.5474237
9345,1.548425
9345.5,1.5495235
9346,1.5506245
9346.5,1.5513705
9347,1.5526827
9347.5,1.5538353
9348,1.5549691
9348.5,1.5561029
9349,1.5569795
9349.5,1.557846
9350,1.5588632
9350.5,1.5597353
9351,1.5605145
9351.5,1.5617756
9352,1.5626006
9352.5,1.5638427
9353,1.5650565
9353.5,1.5659201
9354,1.5667837
9354.5,1.5676475
9355,1.5686647
9355.5,1.5697718
9356,1.5708579
9356.5,1.5719815
9357,1.5730838
9357.5,1.5741842
9358,1.5751075
9358.5,1.575733
9359,1.5771317
9359.5,1.5780264
9360,1.5786237
9360.5,1.5786212
9361,1.5793329
9361.5,1.5802795
9362,1.582003
9362.5,1.5825679
9363,1.5831276
9363.5,1.5840415
9364,1.5849756
9364.5,1.5859453
9365,1.5867369
9365.5,1.5876241
9366,1.5886836
9366.5,1.5898206
9367,1.5907786
9367.5,1.5917195
9368,1.5923419
9368.5,1.5932896
9369,1.5945652
9369.5,1.5953748
9370,1.5962319
9370.5,1.5966659
9371,1.5973529
9371.5,1.598231
9372,1.5992787
9372.5,1.6002462
9373,1.6010874
9373.5,1.6017109
9374,1.6022829
9374.5,1.6033001
9375,1.6043122
9375.5,1.6050555
9376,1.6057035
9376.5,1.6063755
9377,1.6069719
9377.5,1.6076835
9378,1.6083898
9378.5,1.6090501
9379,1.6096678
9379.5,1.6102756
9380,1.6109055
9380.5,1.6119558
9381,1.6128986
9381.5,1.6136175
9382,1.6142121
9382.5,1.6150211
9383,1.61545
9383.5,1.61601
9384,1.6166601
9384.5,1.6176516
9385,1.6180419
9385.5,1.6184576
9386,1.619095
9386.5,1.6198675
9387,1.620545
9387.5,1.6212448
9388,1.622115
9388.5,1.62284
9389,1.6235554
9389.5,1.6247995
9390,1.6255319
9390.5,1.6261579
9391,1.6267838
9391.5,1.6274099
9392,1.6280518
9392.5,1.6288458
9393,1.6298855
9393.5,1.630662
9394,1.6315
9394.5,1.632667
9395,1.6337678
9395.5,1.6340642
9396,1.6347104
9396.5,1.6355937
9397,1.6359533
9397.5,1.6360821
9398,1.6369306
9398.5,1.6382288
9399,1.6388452
9399.5,1.639719
9400,1.6406876
9400.5,1.6418717
9401,1.6426468
9401.5,1.6431036
9402,1.6437298
9402.5,1.6441425
9403,1.6451077
9403.5,1.6462077
9404,1.6462518
9404.5,1.6463817
9405,1.6468204
9405.5,1.6478846
9406,1.6481006
9406.5,1.6486647
9407,1.6493276
9407.5,1.6497342
9408,1.6501267
9408.5,1.6516275
9409,1.6522413
9409.5,1.6528254
9410,1.653131
9410.5,1.6533839
9411,1.6538153
9411.5,1.6546814
9412,1.6557235
9412.5,1.6563235
9413,1.6569673
9413.5,1.6582163
9414,1.6586445
9414.5,1.6592231
9415,1.6598583
9415.5,1.6601787
9416,1.6610263
9416.5,1.6614388
9417,1.6618992
9417.5,1.6622214
9418,1.6625666
9418.5,1.6630469
9419,1.6638319
9419.5,1.6645168
9420,1.6648849
9420.5,1.6653904
9421,1.6657385
9421.5,1.6665567
9422,1.6674906
9422.5,1.6679196
9423,1.6687878
9423.5,1.669658
9424,1.6699599
9424.5,1.6705262
9425,1.6713064
9425.5,1.67184
9426,1.6725584
9426.5,1.6732403
9427,1.6735406
9427.5,1.6741069
9428,1.6747039
9428.5,1.6751264
9429,1.6760396
9429.5,1.6766988
9430,1.6775082
9430.5,1.6780427
9431,1.678733
9431.5,1.6792517
9432,1.6799161
9432.5,1.6808822
9433,1.6811448
9433.5,1.681377
9434,1.6820337
9434.5,1.6823529
9435,1.6827957
9435.5,1.6830556
9436,1.6832579
9436.5,1.6834666
9437,1.6839441
9437.5,1.6843377
9438,1.6845777
9438.5,1.6851533
9439,1.6855093
9439.5,1.6853499
9440,1.6859224
9440.5,1.6863519
9441,1.6861736
9441.5,1.6860927
9442,1.685523
9442.5,1.685614
9443,1.6852464
9443.5,1.6852794
9444,1.6852506
9444.5,1.6846041
9445,1.6843201
9445.5,1.6842823
9446,1.6840071
9446.5,1.6835372
9447,1.6831048
9447.5,1.6826631
9448,1.6823004
9448.5,1.6816681
9449,1.681148
9449.5,1.6806868
9450,1.6799857
9450.5,1.678768
9451,1.678052
9451.5,1.6770277
9452,1.6758779
9452.5,1.674865
9453,1.6735474
9453.5,1.6717293
9454,1.670322
9454.5,1.6690422
9455,1.667947
9455.5,1.6666496
9456,1.6647663
9456.5,1.6628328
9457,1.6610599
9457.5,1.6592222
9458,1.6574615
9458.5,1.6557205
9459,1.6535912
9459.5,1.6513439
9460,1.6488366
9460.5,1.6463018
9461,1.6438588
9461.5,1.6415022
9462,1.6392981
9462.5,1.6365024
9463,1.6342741
9463.5,1.6319915
9464,1.6289904
9464.5,1.6266603
9465,1.6243282
9465.5,1.6209899
9466,1.6182637
9466.5,1.615472
9467,1.6123638
9467.5,1.6097679
9468,1.6071201
9468.5,1.6040948
9469,1.600992
9469.5,1.5983219
9470,1.5952599
9470.5,1.5926331
9471,1.5895328
9471.5,1.5867999
9472,1.583868
9472.5,1.5813939
9473,1.5788267
9473.5,1.5763699
9474,1.5739606
9474.5,1.5711564
9475,1.5688836
9475.5,1.565983
9476,1.564013
9476.5,1.5613245
9477,1.5590066
9477.5,1.5573187
9478,1.5554555
9478.5,1.5539417
9479,1.5522846
9479.5,1.550777
9480,1.5492193
9480.5,1.5478708
9481,1.5461455
9481.5,1.5450935
9482,1.5437121
9482.5,1.5426098
9483,1.5420529
9483.5,1.5409206
9484,1.5404475
9484.5,1.5393879
9485,1.5388768
9485.5,1.5384635
9486,1.5380085
9486.5,1.5373908
9487,1.5370295
9487.5,1.5370003
9488,1.5366609
9488.5,1.5363509
9489,1.5364926
9489.5,1.5363272
9490,1.5364433
9490.5,1.5363468
9491,1.5361596
9491.5,1.536433
9492,1.5368817
9492.5,1.536996
9493,1.5371227
9493.5,1.5374011
9494,1.5378543
9494.5,1.5381348
9495,1.5387462
9495.5,1.539257
9496,1.5398344
9496.5,1.5405228
9497,1.5411849
9497.5,1.5419658
9498,1.5427202
9498.5,1.5434686
9499,1.5441883
9499.5,1.5448972
9500,1.5454858
9500.5,1.5459799
9501,1.5468055
9501.5,1.5476534
9502,1.5487531
9502.5,1.5495648
9503,1.5501504
9503.5,1.5509584
9504,1.5518402
9504.5,1.552723
9505,1.5536061
9505.5,1.5545109
9506,1.5557385
9506.5,1.5567407
9507,1.5572673
9507.5,1.5582276
9508,1.5591757
9508.5,1.5601405
9509,1.5609089
9509.5,1.5617543
9510,1.562678
9510.5,1.563712
9511,1.5647475
9511.5,1.5656159
9512,1.5666074
9512.5,1.5673239
9513,1.568046
9513.5,1.5687854
9514,1.5699225
9514.5,1.570619
9515,1.5717163
9515.5,1.5725613
9516,1.5734158
9516.5,1.5741484
9517,1.5748555
9517.5,1.5757406
9518,1.5767133
9518.5,1.5773567
9519,1.5784316
9519.5,1.5793419
9520,1.580172
9520.5,1.5810159
9521,1.5822437
9521.5,1.5829395
9522,1.5837849
9522.5,1.5846887
9523,1.5854435
9523.5,1.5867264
9524,1.5878533
9524.5,1.5885476
9525,1.5894403
9525.5,1.5905041
9526,1.5916869
9526.5,1.5926406
9527,1.5936305
9527.5,1.5948468
9528,1.5956705
9528.5,1.5965971
9529,1.5976445
9529.5,1.5987097
9530,1.5997001
9530.5,1.6007492
9531,1.6019862
9531.5,1.6032037
9532,1.6044308
9532.5,1.6056399
9533,1.6065758
9533.5,1.6078598
9534,1.6092274
9534.5,1.6105213
9535,1.6118631
9535.5,1.6131571
9536,1.6145358
9536.5,1.6159299
9537,1.6172471
9537.5,1.6186016
9538,1.6199084
9538.5,1.6213445
9539,1.622901
9539.5,1.6242479
9540,1.6256551
9540.5,1.626896
9541,1.6281569
9541.5,1.6294301
9542,1.6310056
9542.5,1.6324473
9543,1.63403
9543.5,1.6352501
9544,1.6365641
9544.5,1.6381176
9545,1.6394604
9545.5,1.6413177
9546,1.642817
9546.5,1.6443554
9547,1.6463049
9547.5,1.6481633
9548,1.650058
9548.5,1.6518642
9549,1.6538455
9549.5,1.655484
9550,1.6571579
9550.5,1.6591472
9551,1.6608066
9551.5,1.6627787
9552,1.6648857
9552.5,1.6668797
9553,1.6687362
9553.5,1.6706311
9554,1.6725657
9554.5,1.6742746
9555,1.6765605
9555.5,1.6786458
9556,1.6806664
9556.5,1.6826673
9557,1.6846979
9557.5,1.6869223
9558,1.6891457
9558.5,1.6911942
9559,1.6932397
9559.5,1.6953572
9560,1.6975874
9560.5,1.7001973
9561,1.7027474
9561.5,1.7054294
9562,1.7077703
9562.5,1.710112
9563,1.7126068
9563.5,1.7152001
9564,1.71761
9564.5,1.7204184
9565,1.7231759
9565.5,1.7263637
9566,1.7291084
9566.5,1.7320988
9567,1.7352101
9567.5,1.738158
9568,1.7414695
9568.5,1.7448423
9569,1.7477358
9569.5,1.7505264
9570,1.7538324
9570.5,1.7568382
9571,1.7596484
9571.5,1.7630036
9572,1.7654896
9572.5,1.7684077
9573,1.7713301
9573.5,1.7742575
9574,1.7774955
9574.5,1.7805051
9575,1.7834813
9575.5,1.7866846
9576,1.790029
9576.5,1.7928861
9577,1.7961702
9577.5,1.7994287
9578,1.8020113
9578.5,1.8049963
9579,1.8078826
9579.5,1.8112013
9580,1.814023
9580.5,1.8173163
9581,1.8202508
9581.5,1.8236143
9582,1.827069
9582.5,1.8301179
9583,1.8324477
9583.5,1.8351611
9584,1.8381878
9584.5,1.8409216
9585,1.843824
9585.5,1.8468785
9586,1.8497869
9586.5,1.8524779
9587,1.8553428
9587.5,1.8581963
9588,1.8609275
9588.5,1.8639924
9589,1.8660967
9589.5,1.8683473
9590,1.8709867
9590.5,1.8733263
9591,1.8760538
9591.5,1.8786356
9592,1.8809961
9592.5,1.8835405
9593,1.886347
9593.5,1.888972
9594,1.8915626
9594.5,1.894364
9595,1.8971618
9595.5,1.8991399
9596,1.9012793
9596.5,1.903567
9597,1.9060184
9597.5,1.9076487
9598,1.9094112
9598.5,1.911534
9599,1.9136632
9599.5,1.9158032
9600,1.9179215
9600.5,1.9202575
9601,1.9222523
9601.5,1.924858
9602,1.9266419
9602.5,1.9289193
9603,1.9305995
9603.5,1.9331768
9604,1.9358365
9604.5,1.9379991
9605,1.9404413
9605.5,1.9430435
9606,1.9447865
9606.5,1.9468574
9607,1.9487376
9607.5,1.9508684
9608,1.9529665
9608.5,1.9553204
9609,1.9577929
9609.5,1.9597789
9610,1.9620288
9610.5,1.9644394
9611,1.9670811
9611.5,1.9696007
9612,1.9718648
9612.5,1.9744893
9613,1.9771842
9613.5,1.9797821
9614,1.982183
9614.5,1.9848968
9615,1.9875062
9615.5,1.989752
9616,1.9918216
9616.5,1.9943736
9617,1.997117
9617.5,1.9995484
9618,2.0032164
9618.5,2.0056666
9619,2.0078295
9619.5,2.0100917
9620,2.0126035
9620.5,2.0147881
9621,2.0171608
9621.5,2.0190679
9622,2.0211994
9622.5,2.0232821
9623,2.0254346
9623.5,2.0275887
9624,2.0299525
9624.5,2.0321996
9625,2.0343546
9625.5,2.0362941
9626,2.0380146
9626.5,2.0402423
9627,2.0424362
9627.5,2.0443632
9628,2.0454297
9628.5,2.0465635
9629,2.0484561
9629.5,2.0501749
9630,2.0513128
9630.5,2.0525382
9631,2.0532088
9631.5,2.0539434
9632,2.0553133
9632.5,2.0565397
9633,2.0572893
9633.5,2.0580833
9634,2.0587151
9634.5,2.0596805
9635,2.0602296
9635.5,2.0600618
9636,2.0597989
9636.5,2.0600944
9637,2.0603122
9637.5,2.0602014
9638,2.0601248
9638.5,2.0600782
9639,2.0599785
9639.5,2.060364
9640,2.0603847
9640.5,2.0601315
9641,2.0598062
9641.5,2.0596379
9642,2.0602958
9642.5,2.0595339
9643,2.0591933
9643.5,2.0586118
9644,2.0582231
9644.5,2.0572508
9645,2.0567936
9645.5,2.0564263
9646,2.0551266
9646.5,2.0546734
9647,2.0537509
9647.5,2.0529133
9648,2.0524785
9648.5,2.0517172
9649,2.0509942
9649.5,2.0500417
9650,2.0494157
9650.5,2.0484721
9651,2.0476906
9651.5,2.0471756
9652,2.0467697
9652.5,2.0463862
9653,2.0459051
9653.5,2.0450812
9654,2.0442852
9654.5,2.0439237
9655,2.0429705
9655.5,2.0421037
9656,2.0415396
9656.5,2.0410531
9657,2.040496
9657.5,2.0396719
9658,2.038894
9658.5,2.0385921
9659,2.0379262
9659.5,2.0374165
9660,2.0370707
9660.5,2.0368797
9661,2.0367059
9661.5,2.0368159
9662,2.0368718
9662.5,2.0360939
9663,2.0363701
9663.5,2.0362268
9664,2.0360721
9664.5,2.0360009
9665,2.0360516
9665.5,2.0362168
9666,2.0364785
9666.5,2.0367962
9667,2.0371437
9667.5,2.037078
9668,2.0374456
9668.5,2.0376562
9669,2.0377762
9669.5,2.0380314
9670,2.038448
9670.5,2.039099
9671,2.0395507
9671.5,2.039949
9672,2.0406268
9672.5,2.041206
9673,2.0418558
9673.5,2.0425665
9674,2.0430864
9674.5,2.0436764
9675,2.0444697
9675.5,2.0450092
9676,2.0456902
9676.5,2.0463619
9677,2.0471469
9677.5,2.0478546
9678,2.0485025
9678.5,2.0492477
9679,2.0498071
9679.5,2.0504072
9680,2.0510854
9680.5,2.0519836
9681,2.0530597
9681.5,2.0539612
9682,2.0549667
9682.5,2.0559855
9683,2.0570024
9683.5,2.0581816
9684,2.0591535
9684.5,2.0602222
9685,2.0614812
9685.5,2.062749
9686,2.0636738
9686.5,2.0646189
9687,2.0660031
9687.5,2.0673611
9688,2.068492
9688.5,2.0698434
9689,2.0706118
9689.5,2.0718253
9690,2.0727491
9690.5,2.0737374
9691,2.0746014
9691.5,2.0752172
9692,2.0761165
9692.5,2.0770568
9693,2.0782266
9693.5,2.0793906
9694,2.0801523
9694.5,2.0812097
9695,2.0820136
9695.5,2.083022
9696,2.0836301
9696.5,2.0843673
9697,2.0854108
9697.5,2.0867148
9698,2.0871339
9698.5,2.0880907
9699,2.088946
9699.5,2.0897201
9700,2.0906636
9700.5,2.0913831
9701,2.0923058
9701.5,2.092499
9702,2.0927921
9702.5,2.0933672
9703,2.0941043
9703.5,2.094963
9704,2.0958311
9704.5,2.0966279
9705,2.0967154
9705.5,2.0974836
9706,2.0981054
9706.5,2.0986876
9707,2.0990357
9707.5,2.0995026
9708,2.1000015
9708.5,2.1005311
9709,2.1013414
9709.5,2.1017511
9710,2.102499
9710.5,2.1031309
9711,2.1035385
9711.5,2.1039581
9712,2.1048468
9712.5,2.1055823
9713,2.1063932
9713.5,2.1072633
9714,2.1078337
9714.5,2.1084447
9715,2.1093158
9715.5,2.1100971
9716,2.1110052
9716.5,2.1115344
9717,2.1124643
9717.5,2.1133309
9718,2.1142687
9718.5,2.1150621
9719,2.1158532
9719.5,2.1164111
9720,2.11721
9720.5,2.1178779
9721,2.1186318
9721.5,2.1194179
9722,2.1201654
9722.5,2.1211684
9723,2.1218475
9723.5,2.1228294
9724,2.1237051
9724.5,2.1245642
9725,2.125269
9725.5,2.1262615
9726,2.1272413
9726.5,2.1279968
9727,2.1291385
9727.5,2.1297191
9728,2.1303122
9728.5,2.1310447
9729,2.1317494
9729.5,2.1323623
9730,2.1329584
9730.5,2.1336397
9731,2.1346178
9731.5,2.1354011
9732,2.1362887
9732.5,2.1371627
9733,2.1373851
9733.5,2.1382193
9734,2.139008
9734.5,2.1396199
9735,2.1402312
9735.5,2.1409109
9736,2.1416932
9736.5,2.1424247
9737,2.1431221
9737.5,2.1438112
9738,2.1444845
9738.5,2.1454092
9739,2.1458121
9739.5,2.146614
9740,2.1472648
9740.5,2.1481274
9741,2.1486391
9741.5,2.1493525
9742,2.1498315
9742.5,2.1504367
9743,2.1510229
9743.5,2.1515338
9744,2.152267
9744.5,2.152264
9745,2.1522573
9745.5,2.1529637
9746,2.153265
9746.5,2.1534573
9747,2.153402
9747.5,2.1532928
9748,2.1535317
9748.5,2.1535495
9749,2.1537734
9749.5,2.1539624
9750,2.153826
9750.5,2.1538217
9751,2.1536277
9751.5,2.153557
9752,2.1535341
9752.5,2.1532757
9753,2.1534298
9753.5,2.1533867
9754,2.1532213
9754.5,2.152882
9755,2.1527741
9755.5,2.1523493
9756,2.1520503
9756.5,2.151938
9757,2.1518577
9757.5,2.1520929
9758,2.151651
9758.5,2.1514176
9759,2.1513114
9759.5,2.1504953
9760,2.1497561
9760.5,2.1488501
9761,2.1485392
9761.5,2.1477889
9762,2.147005
9762.5,2.1464982
9763,2.1461806
9763.5,2.146035
9764,2.1456579
9764.5,2.1451522
9765,2.1446522
9765.5,2.1439955
9766,2.1433587
9766.5,2.14255
9767,2.1419116
9767.5,2.1413849
9768,2.1411742
9768.5,2.1402354
9769,2.1394335
9769.5,2.1389228
9770,2.1381247
9770.5,2.1375146
9771,2.1365678
9771.5,2.135942
9772,2.1352623
9772.5,2.1344629
9773,2.1337824
9773.5,2.1330184
9774,2.1322413
9774.5,2.1315067
9775,2.130705
9775.5,2.1299208
9776,2.1288492
9776.5,2.1282415
9777,2.127569
9777.5,2.1267846
9778,2.1258428
9778.5,2.1254124
9779,2.1248591
9779.5,2.123949
9780,2.1229758
9780.5,2.1221888
9781,2.1217797
9781.5,2.1209181
9782,2.1202458
9782.5,2.1199881
9783,2.1193127
9783.5,2.1187214
9784,2.1176433
9784.5,2.1170302
9785,2.1160593
9785.5,2.1155039
9786,2.1149304
9786.5,2.1137888
9787,2.1133213
9787.5,2.1125728
9788,2.1117426
9788.5,2.11127
9789,2.1100208
9789.5,2.1098296
9790,2.1089916
9790.5,2.1080292
9791,2.1070687
9791.5,2.1064091
9792,2.1060097
9792.5,2.1053446
9793,2.1040557
9793.5,2.1028554
9794,2.1021941
9794.5,2.1019803
9795,2.1019985
9795.5,2.1012429
9796,2.1009066
9796.5,2.10022
9797,2.0998947
9797.5,2.099506
9798,2.0984517
9798.5,2.0981617
9799,2.0980611
9799.5,2.0975975
9800,2.0973641
